country,Year,Economy Label,Absolute value in thousands,Urban population as percentage of total population
AF,2020,Afghanistan,38972.23,26.02642
AL,2020,Albania,2866.849,62.1122
DZ,2020,Algeria,43451.666,73.733
AS,2020,American Samoa,46.189,87.1521
AD,2020,Andorra,77.7,87.91589
AO,2020,Angola,33428.486,66.82513
AI,2020,Anguilla,15.585,100.0
AG,2020,Antigua and Barbuda,92.664,24.43345
AR,2020,Argentina,45036.032,92.1105
AM,2020,Armenia,2805.608,63.3126
AW,2020,Aruba,106.585,43.69774
AU,2020,Australia,25670.051,86.24125
AT,2020,Austria,8907.777,58.74786
AZ,2020,Azerbaijan,10284.951,56.39678
BS,2020,Bahamas,406.471,83.24521
BH,2020,Bahrain,1477.469,89.50561
BD,2020,Bangladesh,167420.951,38.1769
BB,2020,Barbados,280.693,31.19088
BY,2020,Belarus,9633.74,79.48267
BE,2020,Belgium,11561.717,98.0792
BZ,2020,Belize,394.921,46.02482
BJ,2020,Benin,12643.123,48.41467
BM,2020,Bermuda,64.031,100.0
BT,2020,Bhutan,772.506,42.31633
BO,2020,Bolivia (Plurinational State of),11936.162,70.12289
BQ,2020,"Bonaire, Sint Eustatius and Saba",26.153,75.0496
BA,2020,Bosnia and Herzegovina,3318.407,49.01964
BW,2020,Botswana,2546.402,70.87657
BR,2020,Brazil,213196.304,87.07305
VG,2020,British Virgin Islands,30.91,48.51382
BN,2020,Brunei Darussalam,441.725,78.25042
BG,2020,Bulgaria,6979.175,75.68643
BF,2020,Burkina Faso,21522.626,30.60712
BI,2020,Burundi,12220.227,13.70764
CV,2020,Cabo Verde,582.64,66.65186
KH,2020,Cambodia,16396.86,24.23174
CM,2020,Cameroon,26491.087,57.55997
CA,2020,Canada,37888.705,81.56237
KY,2020,Cayman Islands,67.311,100.0
CF,2020,Central African Republic,5343.02,42.19835
TD,2020,Chad,16644.701,23.52004
CL,2020,Chile,19300.315,87.72744
CN,2020,China,1424929.781,61.42831
HK,2020,"China, Hong Kong SAR",7500.958,100.0
MO,2020,"China, Macao SAR",676.283,100.0
"['CN', 'TW']",2020,"China, Taiwan Province of",23821.464,78.94193
CO,2020,Colombia,50930.662,81.42505
KM,2020,Comoros,806.166,29.3798
CG,2020,Congo,5702.174,67.82854
CD,2020,"Congo, Dem. Rep. of the",92853.164,45.63807
CK,2020,Cook Islands,17.029,75.49529
CR,2020,Costa Rica,5123.105,80.77061
CI,2020,Côte d'Ivoire,26811.79,51.7058
HR,2020,Croatia,4096.869,57.55256
CU,2020,Cuba,11300.698,77.19416
CW,2020,Curaçao,189.288,89.06205
CY,2020,Cyprus,891.997,66.82061
CZ,2020,Czechia,10530.953,74.06145
CZ,2020,Czechoslovakia,,
DK,2020,Denmark,5825.641,88.11591
DJ,2020,Djibouti,1090.156,78.06168
DM,2020,Dominica,71.995,71.09071
DO,2020,Dominican Republic,10999.664,82.54034
EC,2020,Ecuador,17588.595,64.16631
EG,2020,Egypt,107465.134,42.78261
SV,2020,El Salvador,6292.731,73.44435
GQ,2020,Equatorial Guinea,1596.049,73.09995
ER,2020,Eritrea,3555.868,41.34663
EE,2020,Estonia,1329.444,69.22908
SZ,2020,Eswatini,1180.655,24.17121
ET,2020,Ethiopia,117190.911,21.6953
ET,2020,Ethiopia (...1991),,
FK,2020,Falkland Islands (Malvinas),3.747,78.49573
FO,2020,Faroe Islands,52.415,42.39819
FJ,2020,Fiji,920.422,57.24731
FI,2020,Finland,5529.468,85.51739
FR,2020,France,66837.386,81.26266
FR,2020,"France, metropolitan",64480.053,80.97538
GF,2020,French Guiana,290.969,85.81988
GP,2020,Guadeloupe,395.642,98.49853
MQ,2020,Martinique,370.391,89.13964
YT,2020,Mayotte,305.587,45.75153
MC,2020,Monaco,36.922,100.0
RE,2020,Réunion,957.822,99.65924
PF,2020,French Polynesia,301.92,61.9748
GA,2020,Gabon,2292.573,90.09199
GM,2020,Gambia,2573.995,62.58175
GE,2020,Georgia,3765.912,59.45263
DE,2020,Germany,83328.988,77.4533
DE,2020,"Germany, Federal Republic of",,
GH,2020,Ghana,32180.401,57.34921
GI,2020,Gibraltar,32.709,100.0
GR,2020,Greece,10512.232,79.71494
GL,2020,Greenland,56.026,87.28246
GD,2020,Grenada,123.663,36.53712
GU,2020,Guam,169.231,94.93738
GT,2020,Guatemala,17362.718,51.83625
GN,2020,Guinea,13205.153,36.87528
GW,2020,Guinea-Bissau,2015.828,44.19626
GY,2020,Guyana,797.202,26.78627
HT,2020,Haiti,11306.801,57.0875
VA,2020,Holy See,0.52,100.0
HN,2020,Honduras,10121.763,58.35888
HU,2020,Hungary,9750.573,71.94246
IS,2020,Iceland,366.669,93.89852
IN,2020,India,1396387.127,34.92622
ID,2020,Indonesia,271857.97,56.64053
ID,2020,Indonesia (...2002),,
IR,2020,Iran (Islamic Republic of),87290.193,75.87353
IQ,2020,Iraq,42556.984,70.89313
IE,2020,Ireland,4946.119,63.65264
IL,2020,Israel,8757.489,92.58677
IT,2020,Italy,59500.579,71.03878
JM,2020,Jamaica,2820.436,56.31119
JP,2020,Japan,125244.761,91.78156
JO,2020,Jordan,10928.721,91.41847
KZ,2020,Kazakhstan,18979.243,57.67056
KE,2020,Kenya,51985.78,27.99511
KI,2020,Kiribati,126.463,55.59421
KP,2020,"Korea, Dem. People's Rep. of",25867.467,62.38145
KR,2020,"Korea, Republic of",51844.69,81.41443
KW,2020,Kuwait,4360.444,100.0
KG,2020,Kyrgyzstan,6424.874,36.85593
LA,2020,Lao People's Dem. Rep.,7319.399,36.29024
LV,2020,Latvia,1897.052,68.31494
LB,2020,Lebanon,5662.923,88.92522
LS,2020,Lesotho,2254.1,29.02795
LR,2020,Liberia,5087.584,52.08929
LY,2020,Libya,6653.942,80.69095
LT,2020,Lithuania,2820.267,68.04561
LU,2020,Luxembourg,630.399,91.45351
MG,2020,Madagascar,28225.177,38.53357
MW,2020,Malawi,19377.061,17.42699
MY,2020,Malaysia,33199.993,77.15998
MV,2020,Maldives,514.438,40.66907
ML,2020,Mali,21224.04,43.90927
MT,2020,Malta,515.358,94.74403
MH,2020,Marshall Islands,43.413,77.79384
MR,2020,Mauritania,4498.604,55.32698
MU,2020,Mauritius,1297.828,40.76009
MX,2020,Mexico,125998.302,80.73085
FM,2020,Micronesia (Federated States of),112.106,22.93317
MD,2020,"Moldova, Republic of",3084.847,42.84903
MN,2020,Mongolia,3294.335,68.65664
ME,2020,Montenegro,629.048,67.48793
MS,2020,Montserrat,4.5,9.11692
MA,2020,Morocco,36688.772,63.53154
MZ,2020,Mozambique,31178.239,37.0744
MM,2020,Myanmar,53423.198,31.1414
NA,2020,Namibia,2489.098,52.03337
NR,2020,Nauru,12.315,100.0
NP,2020,Nepal,29348.627,20.57562
NL,2020,Netherlands (Kingdom of the),17434.557,92.23591
NC,2020,New Caledonia,286.403,71.5182
NZ,2020,New Zealand,5061.133,86.69923
NI,2020,Nicaragua,6755.895,59.0115
NE,2020,Niger,24333.639,16.62592
NG,2020,Nigeria,208327.405,51.95786
NU,2020,Niue,1.942,46.20098
MK,2020,North Macedonia,2111.072,58.4824
MP,2020,Northern Mariana Islands,49.587,91.79901
NO,2020,Norway,5379.839,82.97418
OM,2020,Oman,4543.399,86.27629
PK,2020,Pakistan,227196.741,37.16494
PW,2020,Palau,17.972,80.98654
PA,2020,Panama,4294.396,68.41423
PA,2020,"Panama, excluding Canal Zone",,
PG,2020,Papua New Guinea,9749.64,13.34528
PY,2020,Paraguay,6618.695,62.18266
PE,2020,Peru,33304.756,78.29713
PH,2020,Philippines,112190.977,47.40838
PL,2020,Poland,38428.366,60.04296
PT,2020,Portugal,10298.192,66.30978
QA,2020,Qatar,2760.385,99.23508
RO,2020,Romania,19442.038,54.19419
RU,2020,Russian Federation,145617.329,74.7539
RW,2020,Rwanda,13146.362,17.4318
BL,2020,Saint Barthélemy,10.681,98.49853
SH,2020,Saint Helena,5.42,40.08725
KN,2020,Saint Kitts and Nevis,47.642,30.84329
LC,2020,Saint Lucia,179.237,18.8413
MF,2020,Saint Martin (French part),32.553,98.49853
PM,2020,Saint Pierre and Miquelon,5.906,90.27626
VC,2020,Saint Vincent and the Grenadines,104.632,53.03231
WS,2020,Samoa,214.929,17.88903
SM,2020,San Marino,34.007,97.49771
ST,2020,Sao Tome and Principe,218.641,74.35451
SA,2020,Saudi Arabia,35997.107,84.2866
SN,2020,Senegal,16436.12,48.12238
RS,2020,Serbia,9028.703,56.44646
SC,2020,Seychelles,105.53,57.54536
SL,2020,Sierra Leone,8233.97,42.92284
SG,2020,Singapore,5909.869,100.0
SX,2020,Sint Maarten (Dutch part),43.621,100.0
SK,2020,Slovakia,5456.681,53.76028
SI,2020,Slovenia,2117.641,55.1178
SB,2020,Solomon Islands,691.191,24.66966
SO,2020,Somalia,16537.016,46.14069
ZA,2020,South Africa,58801.927,67.35365
SS,2020,South Sudan,10606.227,20.19882
ES,2020,Spain,47363.807,80.80966
LK,2020,Sri Lanka,21715.079,18.71315
PS,2020,State of Palestine,5019.401,76.71916
SD,2020,Sudan,44440.486,35.25264
SD,2020,Sudan (...2011),,
SR,2020,Suriname,607.065,66.14862
SE,2020,Sweden,10368.969,87.97706
"['LI', 'CH']",2020,"Switzerland, Liechtenstein",8677.369,73.64942
LI,2020,Liechtenstein,38.756,14.41584
CH,2020,Switzerland,8638.613,73.91516
SY,2020,Syrian Arab Republic,20772.595,55.47473
TJ,2020,Tajikistan,9543.207,27.50612
TZ,2020,"Tanzania, United Republic of",61704.518,35.22658
TH,2020,Thailand,71475.664,51.43045
TL,2020,Timor-Leste,1299.995,31.3196
TG,2020,Togo,8442.58,42.79985
TK,2020,Tokelau,1.827,0.0
TO,2020,Tonga,105.254,23.09861
TT,2020,Trinidad and Tobago,1518.147,53.21409
TN,2020,Tunisia,12161.723,69.56821
TR,2020,Türkiye,84135.428,76.1053
TM,2020,Turkmenistan,6250.438,52.51619
TC,2020,Turks and Caicos Islands,44.276,93.60539
TV,2020,Tuvalu,11.069,64.01426
UG,2020,Uganda,44404.611,24.95356
UA,2020,Ukraine,43909.666,69.608
AE,2020,United Arab Emirates,9287.289,87.04775
GB,2020,United Kingdom,67314.633,83.72936
IM,2020,Isle of Man,84.046,52.89831
"['IM', 'GB']",2020,United Kingdom excl. Channel Islands and Isle of Man,67059.474,83.90264
US,2020,United States of America,339314.009,82.77336
"['PR', 'US']",2020,United States of America including Puerto Rico,339213.567,82.76946
PR,2020,Puerto Rico,3271.564,93.5809
US,2020,United States of America excluding Puerto Rico and United States Virgin Islands,335942.003,82.66417
VI,2020,United States Virgin Islands,100.442,95.93832
UY,2020,Uruguay,3429.086,95.51521
UZ,2020,Uzbekistan,33526.656,50.41647
VU,2020,Vanuatu,311.685,25.52444
VE,2020,Venezuela (Bolivarian Rep. of),28490.453,88.27889
VN,2020,Viet Nam,96648.685,37.33956
WF,2020,Wallis and Futuna Islands,11.655,0.0
EH,2020,Western Sahara,556.048,86.82892
YE,2020,Yemen,32284.046,37.90808
YE,2020,"Yemen, Democratic",,
ZM,2020,Zambia,18927.715,44.62904
ZW,2020,Zimbabwe,15669.666,32.24157
ZA,2020,Southern Africa,67272.182,64.87809
"['AU', 'NZ']",2020,"Europe, Northern America, Australia and New Zealand",1157497.628,77.75757
HT,2020,LDCs: Islands and Haiti,14460.326,51.93001
AF,2021,Afghanistan,40099.462,26.31382
AL,2021,Albania,2854.71,62.96911
DZ,2021,Algeria,44177.969,74.26055
AS,2021,American Samoa,45.035,87.16972
AD,2021,Andorra,79.034,87.85781
AO,2021,Angola,34503.774,67.45982
AI,2021,Anguilla,15.753,100.0
AG,2021,Antigua and Barbuda,93.219,24.37974
AR,2021,Argentina,45276.78,92.22905
AM,2021,Armenia,2790.974,63.4308
AW,2021,Aruba,106.537,43.8664
AU,2021,Australia,25921.089,86.36244
AT,2021,Austria,8922.082,58.99464
AZ,2021,Azerbaijan,10312.992,56.77638
BS,2021,Bahamas,407.906,83.36524
BH,2021,Bahrain,1463.265,89.62211
BD,2021,Bangladesh,169356.251,38.94579
BB,2021,Barbados,281.2,31.24646
BY,2021,Belarus,9578.167,79.90965
BE,2021,Belgium,11611.419,98.11678
BZ,2021,Belize,400.031,46.20137
BJ,2021,Benin,12996.895,48.97241
BM,2021,Bermuda,64.185,100.0
BT,2021,Bhutan,777.486,43.00778
BO,2021,Bolivia (Plurinational State of),12079.472,70.47534
BQ,2021,"Bonaire, Sint Eustatius and Saba",26.706,75.14092
BA,2021,Bosnia and Herzegovina,3270.943,49.42455
BW,2021,Botswana,2588.423,71.56041
BR,2021,Brazil,214326.223,87.31675
VG,2021,British Virgin Islands,31.122,48.92141
BN,2021,Brunei Darussalam,445.373,78.55422
BG,2021,Bulgaria,6885.868,76.02506
BF,2021,Burkina Faso,22100.683,31.23969
BI,2021,Burundi,12551.213,14.05799
CV,2021,Cabo Verde,587.925,67.10203
KH,2021,Cambodia,16589.023,24.66804
CM,2021,Cameroon,27198.628,58.14844
CA,2021,Canada,38155.012,81.65261
KY,2021,Cayman Islands,68.136,100.0
CF,2021,Central African Republic,5457.154,42.64849
TD,2021,Chad,17179.74,23.78112
CL,2021,Chile,19493.184,87.81706
CN,2021,China,1425893.465,62.51239
HK,2021,"China, Hong Kong SAR",7494.578,100.0
MO,2021,"China, Macao SAR",686.607,100.0
"['CN', 'TW']",2021,"China, Taiwan Province of",23859.912,79.32311
CO,2021,Colombia,51516.562,81.74032
KM,2021,Comoros,821.625,29.61289
CG,2021,Congo,5835.806,68.28312
CD,2021,"Congo, Dem. Rep. of the",95894.118,46.23518
CK,2021,Cook Islands,17.003,75.7208
CR,2021,Costa Rica,5153.957,81.42536
CI,2021,Côte d'Ivoire,27478.249,52.18013
HR,2021,Croatia,4060.135,57.87838
CU,2021,Cuba,11256.372,77.29158
CW,2021,Curaçao,190.338,89.03732
CY,2021,Cyprus,899.809,66.85594
CZ,2021,Czechia,10510.751,74.21364
CZ,2021,Czechoslovakia,,
DK,2021,Denmark,5854.24,88.24028
DJ,2021,Djibouti,1105.557,78.21681
DM,2021,Dominica,72.412,71.3956
DO,2021,Dominican Republic,11117.873,83.21296
EC,2021,Ecuador,17797.737,64.36079
EG,2021,Egypt,109262.178,42.86168
SV,2021,El Salvador,6314.167,74.11796
GQ,2021,Equatorial Guinea,1634.466,73.56078
ER,2021,Eritrea,3620.312,41.98451
EE,2021,Estonia,1328.701,69.41524
SZ,2021,Eswatini,1192.271,24.36926
ET,2021,Ethiopia,120283.026,22.17404
ET,2021,Ethiopia (...1991),,
FK,2021,Falkland Islands (Malvinas),3.764,78.91319
FO,2021,Faroe Islands,52.889,42.58228
FJ,2021,Fiji,924.61,57.7403
FI,2021,Finland,5535.992,85.5958
FR,2021,France,66912.569,81.51793
FR,2021,"France, metropolitan",64531.444,81.24202
GF,2021,French Guiana,297.449,86.06335
GP,2021,Guadeloupe,396.051,98.51209
MQ,2021,Martinique,368.796,89.19833
YT,2021,Mayotte,316.014,45.60266
MC,2021,Monaco,36.686,100.0
RE,2021,Réunion,966.129,99.69571
PF,2021,French Polynesia,304.032,62.06579
GA,2021,Gabon,2341.179,90.42278
GM,2021,Gambia,2639.916,63.22238
GE,2021,Georgia,3757.98,59.87176
DE,2021,Germany,83408.554,77.54413
DE,2021,"Germany, Federal Republic of",,
GH,2021,Ghana,32833.031,57.98518
GI,2021,Gibraltar,32.669,100.0
GR,2021,Greece,10445.365,80.03794
GL,2021,Greenland,56.243,87.50769
GD,2021,Grenada,124.61,36.69427
GU,2021,Guam,170.534,95.01487
GT,2021,Guatemala,17608.483,52.24534
GN,2021,Guinea,13531.906,37.26431
GW,2021,Guinea-Bissau,2060.721,44.61748
GY,2021,Guyana,804.567,26.89724
HT,2021,Haiti,11447.569,57.96355
VA,2021,Holy See,0.511,100.0
HN,2021,Honduras,10278.345,58.98245
HU,2021,Hungary,9709.786,72.24524
IS,2021,Iceland,370.335,93.94442
IN,2021,India,1407563.842,35.393
ID,2021,Indonesia,273753.191,57.29036
ID,2021,Indonesia (...2002),,
IR,2021,Iran (Islamic Republic of),87923.432,76.34536
IQ,2021,Iraq,43533.592,71.11852
IE,2021,Ireland,4986.526,63.912
IL,2021,Israel,8900.059,92.67404
IT,2021,Italy,59240.329,71.34597
JM,2021,Jamaica,2827.695,56.65205
JP,2021,Japan,124612.53,91.8672
JO,2021,Jordan,11148.278,91.62636
KZ,2021,Kazakhstan,19196.465,57.82084
KE,2021,Kenya,53005.614,28.49325
KI,2021,Kiribati,128.874,56.33554
KP,2021,"Korea, Dem. People's Rep. of",25971.909,62.64243
KR,2021,"Korea, Republic of",51830.139,81.41366
KW,2021,Kuwait,4250.114,100.0
KG,2021,Kyrgyzstan,6527.743,37.1458
LA,2021,Lao People's Dem. Rep.,7425.057,36.93922
LV,2021,Latvia,1873.919,68.42086
LB,2021,Lebanon,5592.631,89.09325
LS,2021,Lesotho,2281.454,29.48038
LR,2021,Liberia,5193.416,52.57269
LY,2021,Libya,6735.277,80.99411
LT,2021,Lithuania,2786.651,68.24893
LU,2021,Luxembourg,639.321,91.67236
MG,2021,Madagascar,28915.653,39.2072
MW,2021,Malawi,19889.742,17.69523
MY,2021,Malaysia,33573.874,77.6957
MV,2021,Maldives,521.457,41.10163
ML,2021,Mali,21904.983,44.67655
MT,2021,Malta,526.748,94.80973
MH,2021,Marshall Islands,42.05,78.16247
MR,2021,Mauritania,4614.974,56.13276
MU,2021,Mauritius,1298.915,40.77479
MX,2021,Mexico,126705.138,81.01605
FM,2021,Micronesia (Federated States of),113.131,23.06807
MD,2021,"Moldova, Republic of",3061.506,42.99789
MN,2021,Mongolia,3347.782,68.78544
ME,2021,Montenegro,627.859,67.82578
MS,2021,Montserrat,4.417,9.14958
MA,2021,Morocco,37076.584,64.06549
MZ,2021,Mozambique,32077.072,37.62765
MM,2021,Myanmar,53798.084,31.44792
NA,2021,Namibia,2530.151,53.005
NR,2021,Nauru,12.511,100.0
NP,2021,Nepal,30034.989,21.00825
NL,2021,Netherlands (Kingdom of the),17501.696,92.57213
NC,2021,New Caledonia,287.8,71.92528
NZ,2021,New Zealand,5129.727,86.7888
NI,2021,Nicaragua,6850.54,59.27702
NE,2021,Niger,25252.722,16.75137
NG,2021,Nigeria,213401.323,52.7462
NU,2021,Niue,1.937,46.86347
MK,2021,North Macedonia,2103.33,58.78595
MP,2021,Northern Mariana Islands,49.481,91.88946
NO,2021,Norway,5403.021,83.32343
OM,2021,Oman,4520.471,87.04363
PK,2021,Pakistan,231402.117,37.43957
PW,2021,Palau,18.024,81.48311
PA,2021,Panama,4351.267,68.7752
PA,2021,"Panama, excluding Canal Zone",,
PG,2021,Papua New Guinea,9949.437,13.45585
PY,2021,Paraguay,6703.799,62.49578
PE,2021,Peru,33715.471,78.50021
PH,2021,Philippines,113880.328,47.68444
PL,2021,Poland,38307.726,60.07514
PT,2021,Portugal,10290.103,66.84891
QA,2021,Qatar,2688.235,99.27838
RO,2021,Romania,19328.56,54.32918
RU,2021,Russian Federation,145102.755,74.93378
RW,2021,Rwanda,13461.888,17.56779
BL,2021,Saint Barthélemy,10.861,98.51209
SH,2021,Saint Helena,5.404,40.24596
KN,2021,Saint Kitts and Nevis,47.606,30.90677
LC,2021,Saint Lucia,179.651,18.94024
MF,2021,Saint Martin (French part),31.948,98.51209
PM,2021,Saint Pierre and Miquelon,5.883,90.25411
VC,2021,Saint Vincent and the Grenadines,104.332,53.45269
WS,2021,Samoa,218.764,17.74208
SM,2021,San Marino,33.745,97.62115
ST,2021,Sao Tome and Principe,223.107,75.07296
SA,2021,Saudi Arabia,35950.396,84.50808
SN,2021,Senegal,16876.72,48.59991
RS,2021,Serbia,8958.778,56.65088
SC,2021,Seychelles,106.471,57.97189
SL,2021,Sierra Leone,8420.641,43.37209
SG,2021,Singapore,5941.06,100.0
SX,2021,Sint Maarten (Dutch part),44.042,100.0
SK,2021,Slovakia,5447.622,53.8205
SI,2021,Slovenia,2119.41,55.42729
SB,2021,Solomon Islands,707.851,25.12765
SO,2021,Somalia,17065.581,46.73085
ZA,2021,South Africa,59392.255,67.84663
SS,2021,South Sudan,10748.272,20.51441
ES,2021,Spain,47486.935,81.05599
LK,2021,Sri Lanka,21773.441,18.8599
PS,2021,State of Palestine,5133.392,77.00297
SD,2021,Sudan,45657.202,35.59256
SD,2021,Sudan (...2011),,
SR,2021,Suriname,612.985,66.21907
SE,2021,Sweden,10467.097,88.23814
"['LI', 'CH']",2021,"Switzerland, Liechtenstein",8730.445,73.73006
LI,2021,Liechtenstein,39.039,14.47233
CH,2021,Switzerland,8691.406,73.99623
SY,2021,Syrian Arab Republic,21324.367,56.12444
TJ,2021,Tajikistan,9750.064,27.72576
TZ,2021,"Tanzania, United Republic of",63588.334,35.95385
TH,2021,Thailand,71601.103,52.16268
TL,2021,Timor-Leste,1320.942,31.6954
TG,2021,Togo,8644.829,43.3577
TK,2021,Tokelau,1.849,0.0
TO,2021,Tonga,106.017,23.10412
TT,2021,Trinidad and Tobago,1525.663,53.26507
TN,2021,Tunisia,12262.946,69.8883
TR,2021,Türkiye,84775.404,76.56923
TM,2021,Turkmenistan,6341.855,52.99843
TC,2021,Turks and Caicos Islands,45.114,93.83263
TV,2021,Tuvalu,11.204,64.78594
UG,2021,Uganda,45853.778,25.55325
UA,2021,Ukraine,43531.422,69.75666
AE,2021,United Arab Emirates,9365.145,87.29886
GB,2021,United Kingdom,67537.985,83.97688
IM,2021,Isle of Man,84.263,53.07665
"['IM', 'GB']",2021,United Kingdom excl. Channel Islands and Isle of Man,67281.039,84.15152
US,2021,United States of America,340353.743,82.97911
"['PR', 'US']",2021,United States of America including Puerto Rico,340253.652,82.97527
PR,2021,Puerto Rico,3256.028,93.59199
US,2021,United States of America excluding Puerto Rico and United States Virgin Islands,336997.624,82.87269
VI,2021,United States Virgin Islands,100.091,96.03957
UY,2021,Uruguay,3426.26,95.60251
UZ,2021,Uzbekistan,34081.449,50.42723
VU,2021,Vanuatu,319.137,25.66495
VE,2021,Venezuela (Bolivarian Rep. of),28199.867,88.32506
VN,2021,Viet Nam,97468.029,38.05226
WF,2021,Wallis and Futuna Islands,11.627,0.0
EH,2021,Western Sahara,565.581,86.90812
YE,2021,Yemen,32981.641,38.54632
YE,2021,"Yemen, Democratic",,
ZM,2021,Zambia,19473.125,45.19208
ZW,2021,Zimbabwe,15993.524,32.30325
ZA,2021,Southern Africa,67984.554,65.38568
"['AU', 'NZ']",2021,"Europe, Northern America, Australia and New Zealand",1158103.9,77.98386
HT,2021,LDCs: Islands and Haiti,14661.172,52.67398
AF,2022,Afghanistan,41128.771,26.61595
AL,2022,Albania,2842.321,63.79934
DZ,2022,Algeria,44903.225,74.77204
AS,2022,American Samoa,44.273,87.19629
AD,2022,Andorra,79.824,87.81011
AO,2022,Angola,35588.987,68.08064
AI,2022,Anguilla,15.857,100.0
AG,2022,Antigua and Barbuda,93.763,24.34667
AR,2022,Argentina,45510.318,92.34659
AM,2022,Armenia,2780.469,63.57297
AW,2022,Aruba,106.445,44.05163
AU,2022,Australia,26177.413,86.48775
AT,2022,Austria,8939.617,59.25556
AZ,2022,Azerbaijan,10358.074,57.16985
BS,2022,Bahamas,409.984,83.49182
BH,2022,Bahrain,1472.233,89.74337
BD,2022,Bangladesh,171186.372,39.71143
BB,2022,Barbados,281.635,31.32441
BY,2022,Belarus,9534.954,80.32555
BE,2022,Belgium,11655.93,98.15341
BZ,2022,Belize,405.272,46.39585
BJ,2022,Benin,13352.864,49.53417
BM,2022,Bermuda,64.184,100.0
BT,2022,Bhutan,782.455,43.6859
BO,2022,Bolivia (Plurinational State of),12224.11,70.82991
BQ,2022,"Bonaire, Sint Eustatius and Saba",27.026,75.24689
BA,2022,Bosnia and Herzegovina,3233.526,49.84109
BW,2022,Botswana,2630.296,72.2238
BR,2022,Brazil,215313.498,87.55504
VG,2022,British Virgin Islands,31.305,49.33077
BN,2022,Brunei Darussalam,449.002,78.85379
BG,2022,Bulgaria,6781.953,76.36316
BF,2022,Burkina Faso,22673.762,31.87732
BI,2022,Burundi,12889.576,14.41678
CV,2022,Cabo Verde,593.149,67.54547
KH,2022,Cambodia,16767.842,25.11399
CM,2022,Cameroon,27914.536,58.73348
CA,2022,Canada,38454.327,81.75245
KY,2022,Cayman Islands,68.706,100.0
CF,2022,Central African Republic,5579.144,43.12049
TD,2022,Chad,17723.315,24.06304
CL,2022,Chile,19603.733,87.9118
CN,2022,China,1425887.337,63.5598
HK,2022,"China, Hong Kong SAR",7488.865,100.0
MO,2022,"China, Macao SAR",695.168,100.0
"['CN', 'TW']",2022,"China, Taiwan Province of",23893.394,79.69643
CO,2022,Colombia,51874.024,82.04996
KM,2022,Comoros,836.774,29.86357
CG,2022,Congo,5970.424,68.73633
CD,2022,"Congo, Dem. Rep. of the",99010.212,46.83727
CK,2022,Cook Islands,17.011,75.94519
CR,2022,Costa Rica,5180.829,82.04191
CI,2022,Côte d'Ivoire,28160.542,52.66134
HR,2022,Croatia,4030.358,58.21919
CU,2022,Cuba,11212.191,77.40133
CW,2022,Curaçao,191.163,89.02436
CY,2022,Cyprus,907.733,66.91138
CZ,2022,Czechia,10493.986,74.37724
CZ,2022,Czechoslovakia,,
DK,2022,Denmark,5882.261,88.36681
DJ,2022,Djibouti,1120.849,78.38032
DM,2022,Dominica,72.737,71.7009
DO,2022,Dominican Republic,11228.821,83.84774
EC,2022,Ecuador,18001.0,64.56957
EG,2022,Egypt,110990.103,42.96732
SV,2022,El Salvador,6336.392,74.76748
GQ,2022,Equatorial Guinea,1674.908,74.01005
ER,2022,Eritrea,3684.032,42.62485
EE,2022,Estonia,1326.062,69.60896
SZ,2022,Eswatini,1201.67,24.57548
ET,2022,Ethiopia,123379.924,22.66124
ET,2022,Ethiopia (...1991),,
FK,2022,Falkland Islands (Malvinas),3.78,79.30328
FO,2022,Faroe Islands,53.09,42.77791
FJ,2022,Fiji,929.766,58.22882
FI,2022,Finland,5540.745,85.68113
FR,2022,France,67031.066,81.77342
FR,2022,"France, metropolitan",64626.628,81.50912
GF,2022,French Guiana,304.557,86.29927
GP,2022,Guadeloupe,395.752,98.52647
MQ,2022,Martinique,367.507,89.26534
YT,2022,Mayotte,326.101,45.48622
MC,2022,Monaco,36.469,100.0
RE,2022,Réunion,974.052,99.72646
PF,2022,French Polynesia,306.279,62.17014
GA,2022,Gabon,2388.992,90.73481
GM,2022,Gambia,2705.992,63.85249
GE,2022,Georgia,3744.385,60.29658
DE,2022,Germany,83369.843,77.6481
DE,2022,"Germany, Federal Republic of",,
GH,2022,Ghana,33475.87,58.61487
GI,2022,Gibraltar,32.649,100.0
GR,2022,Greece,10384.971,80.35723
GL,2022,Greenland,56.466,87.72678
GD,2022,Grenada,125.438,36.86848
GU,2022,Guam,171.774,95.0911
GT,2022,Guatemala,17843.908,52.66607
GN,2022,Guinea,13859.341,37.66753
GW,2022,Guinea-Bissau,2105.566,45.04074
GY,2022,Guyana,808.726,27.02247
HT,2022,Haiti,11584.996,58.81985
VA,2022,Holy See,0.51,100.0
HN,2022,Honduras,10432.86,59.60034
HU,2022,Hungary,9967.308,72.55239
IS,2022,Iceland,372.899,93.99227
IN,2022,India,1417173.173,35.87214
ID,2022,Indonesia,275501.339,57.93432
ID,2022,Indonesia (...2002),,
IR,2022,Iran (Islamic Republic of),88550.57,76.80663
IQ,2022,Iraq,44496.122,71.35379
IE,2022,Ireland,5023.109,64.18314
IL,2022,Israel,9038.309,92.76302
IT,2022,Italy,59037.474,71.65732
JM,2022,Jamaica,2827.377,57.00763
JP,2022,Japan,123951.692,91.95451
JO,2022,Jordan,11285.869,91.82669
KZ,2022,Kazakhstan,19397.998,57.99038
KE,2022,Kenya,54027.487,29.00163
KI,2022,Kiribati,131.232,57.05821
KP,2022,"Korea, Dem. People's Rep. of",26069.416,62.91644
KR,2022,"Korea, Republic of",51815.81,81.42737
KW,2022,Kuwait,4268.873,100.0
KG,2022,Kyrgyzstan,6630.623,37.46071
LA,2022,Lao People's Dem. Rep.,7529.475,37.59167
LV,2022,Latvia,1850.651,68.53968
LB,2022,Lebanon,5489.739,89.26227
LS,2022,Lesotho,2305.825,29.94273
LR,2022,Liberia,5302.681,53.06537
LY,2022,Libya,6812.341,81.30176
LT,2022,Lithuania,2750.055,68.46526
LU,2022,Luxembourg,647.599,91.88059
MG,2022,Madagascar,29611.714,39.88163
MW,2022,Malawi,20405.317,17.97953
MY,2022,Malaysia,33938.221,78.21426
MV,2022,Maldives,523.787,41.53565
ML,2022,Mali,22593.59,45.43681
MT,2022,Malta,533.286,94.87553
MH,2022,Marshall Islands,41.569,78.51932
MR,2022,Mauritania,4736.139,56.92342
MU,2022,Mauritius,1299.469,40.81037
MX,2022,Mexico,127504.125,81.2997
FM,2022,Micronesia (Federated States of),114.164,23.21711
MD,2022,"Moldova, Republic of",3272.996,43.17256
MN,2022,Mongolia,3398.366,68.92952
ME,2022,Montenegro,627.082,68.16379
MS,2022,Montserrat,4.39,9.19584
MA,2022,Morocco,37457.971,64.59552
MZ,2022,Mozambique,32969.518,38.18737
MM,2022,Myanmar,54179.306,31.77143
NA,2022,Namibia,2567.012,53.95625
NR,2022,Nauru,12.668,100.0
NP,2022,Nepal,30547.58,21.45074
NL,2022,Netherlands (Kingdom of the),17564.014,92.88604
NC,2022,New Caledonia,289.95,72.32554
NZ,2022,New Zealand,5185.288,86.88404
NI,2022,Nicaragua,6948.392,59.5563
NE,2022,Niger,26207.977,16.89393
NG,2022,Nigeria,218541.212,53.52132
NU,2022,Niue,1.934,47.55202
MK,2022,North Macedonia,2093.599,59.11843
MP,2022,Northern Mariana Islands,49.551,91.98339
NO,2022,Norway,5434.319,83.6637
OM,2022,Oman,4576.298,87.75003
PK,2022,Pakistan,235824.862,37.73111
PW,2022,Palau,18.055,81.95577
PA,2022,Panama,4408.581,69.14136
PA,2022,"Panama, excluding Canal Zone",,
PG,2022,Papua New Guinea,10142.619,13.58167
PY,2022,Paraguay,6780.744,62.81807
PE,2022,Peru,34049.588,78.7084
PH,2022,Philippines,115559.009,47.97747
PL,2022,Poland,39857.145,60.13367
PT,2022,Portugal,10270.865,67.38098
QA,2022,Qatar,2695.122,99.31785
RO,2022,Romania,19659.267,54.48863
RU,2022,Russian Federation,144713.314,75.12623
RW,2022,Rwanda,13776.698,17.72117
BL,2022,Saint Barthélemy,10.967,98.52647
SH,2022,Saint Helena,5.374,40.44594
KN,2022,Saint Kitts and Nevis,47.657,30.99128
LC,2022,Saint Lucia,179.857,19.05041
MF,2022,Saint Martin (French part),31.791,98.52647
PM,2022,Saint Pierre and Miquelon,5.862,90.19065
VC,2022,Saint Vincent and the Grenadines,103.948,53.87466
WS,2022,Samoa,222.382,17.6156
SM,2022,San Marino,33.66,97.73188
ST,2022,Sao Tome and Principe,227.38,75.75487
SA,2022,Saudi Arabia,36408.82,84.72938
SN,2022,Senegal,17316.449,49.08554
RS,2022,Serbia,8881.079,56.87321
SC,2022,Seychelles,107.118,58.39603
SL,2022,Sierra Leone,8605.718,43.83131
SG,2022,Singapore,5975.689,100.0
SX,2022,Sint Maarten (Dutch part),44.175,100.0
SK,2022,Slovakia,5643.453,53.90929
SI,2022,Slovenia,2119.844,55.75063
SB,2022,Solomon Islands,724.273,25.58362
SO,2022,Somalia,17597.511,47.3241
ZA,2022,South Africa,59893.885,68.33519
SS,2022,South Sudan,10913.164,20.84627
ES,2022,Spain,47558.63,81.3036
LK,2022,Sri Lanka,21832.143,19.02569
PS,2022,State of Palestine,5250.072,77.29078
SD,2022,Sudan,46874.204,35.95561
SD,2022,Sudan (...2011),,
SR,2022,Suriname,618.04,66.30669
SE,2022,Sweden,10549.347,88.49156
"['LI', 'CH']",2022,"Switzerland, Liechtenstein",8779.799,73.8252
LI,2022,Liechtenstein,39.327,14.53941
CH,2022,Switzerland,8740.472,74.09195
SY,2022,Syrian Arab Republic,22125.249,56.76936
TJ,2022,Tajikistan,9952.787,27.96827
TZ,2022,"Tanzania, United Republic of",65497.748,36.68157
TH,2022,Thailand,71697.03,52.88856
TL,2022,Timor-Leste,1341.296,32.0743
TG,2022,Togo,8848.699,43.92111
TK,2022,Tokelau,1.871,0.0
TO,2022,Tonga,106.858,23.12522
TT,2022,Trinidad and Tobago,1531.044,53.34007
TN,2022,Tunisia,12356.117,70.21379
TR,2022,Türkiye,85341.241,77.02178
TM,2022,Turkmenistan,6430.77,53.49413
TC,2022,Turks and Caicos Islands,45.703,94.04752
TV,2022,Tuvalu,11.312,65.52636
UG,2022,Uganda,47249.585,26.1593
UA,2022,Ukraine,39701.739,69.91906
AE,2022,United Arab Emirates,9441.129,87.54251
GB,2022,United Kingdom,67767.534,84.22236
IM,2022,Isle of Man,84.519,53.27075
"['IM', 'GB']",2022,United Kingdom excl. Channel Islands and Isle of Man,67508.936,84.39815
US,2022,United States of America,341641.729,83.18809
"['PR', 'US']",2022,United States of America including Puerto Rico,341542.264,83.18432
PR,2022,Puerto Rico,3252.407,93.60956
US,2022,United States of America excluding Puerto Rico and United States Virgin Islands,338289.857,83.08409
VI,2022,United States Virgin Islands,99.465,96.1363
UY,2022,Uruguay,3422.794,95.68769
UZ,2022,Uzbekistan,34627.652,50.46569
VU,2022,Vanuatu,326.74,25.81542
VE,2022,Venezuela (Bolivarian Rep. of),28301.696,88.37818
VN,2022,Viet Nam,98186.856,38.76604
WF,2022,Wallis and Futuna Islands,11.572,0.0
EH,2022,Western Sahara,575.986,86.99226
YE,2022,Yemen,33696.614,39.18759
YE,2022,"Yemen, Democratic",,
ZM,2022,Zambia,20017.675,45.76078
ZW,2022,Zimbabwe,16320.537,32.39512
ZA,2022,Southern Africa,68598.688,65.88917
"['AU', 'NZ']",2022,"Europe, Northern America, Australia and New Zealand",1158416.735,78.19305
HT,2022,LDCs: Islands and Haiti,14857.263,53.40295
AF,2023,Afghanistan,42239.854,26.93301
AL,2023,Albania,2832.439,64.60281
DZ,2023,Algeria,45606.48,75.26764
AS,2023,American Samoa,43.914,87.23545
AD,2023,Andorra,80.088,87.77364
AO,2023,Angola,36684.202,68.68756
AI,2023,Anguilla,15.899,100.0
AG,2023,Antigua and Barbuda,94.298,24.3328
AR,2023,Argentina,45773.884,92.46311
AM,2023,Armenia,2777.97,63.739
AW,2023,Aruba,106.277,44.25403
AU,2023,Australia,26439.111,86.61707
AT,2023,Austria,8958.96,59.53048
AZ,2023,Azerbaijan,10412.651,57.57692
BS,2023,Bahamas,412.623,83.62492
BH,2023,Bahrain,1485.509,89.86913
BD,2023,Bangladesh,172954.319,40.47309
BB,2023,Barbados,281.995,31.42478
BY,2023,Belarus,9498.238,80.73056
BE,2023,Belgium,11686.14,98.18915
BZ,2023,Belize,410.825,46.60787
BJ,2023,Benin,13712.828,50.09969
BM,2023,Bermuda,64.069,100.0
BT,2023,Bhutan,787.424,44.35022
BO,2023,Bolivia (Plurinational State of),12388.571,71.18644
BQ,2023,"Bonaire, Sint Eustatius and Saba",27.148,75.3681
BA,2023,Bosnia and Herzegovina,3210.847,50.26906
BW,2023,Botswana,2675.352,72.86683
BR,2023,Brazil,216422.446,87.78803
VG,2023,British Virgin Islands,31.538,49.74853
BN,2023,Brunei Darussalam,452.524,79.14867
BG,2023,Bulgaria,6687.717,76.70053
BF,2023,Burkina Faso,23251.485,32.51966
BI,2023,Burundi,13238.559,14.78407
CV,2023,Cabo Verde,598.682,67.9821
KH,2023,Cambodia,16944.826,25.56965
CM,2023,Cameroon,28647.293,59.31472
CA,2023,Canada,38781.291,81.86176
KY,2023,Cayman Islands,69.31,100.0
CF,2023,Central African Republic,5742.315,43.61424
TD,2023,Chad,18278.568,24.36618
CL,2023,Chile,19629.59,88.01156
CN,2023,China,1425671.352,64.57038
HK,2023,"China, Hong Kong SAR",7491.609,100.0
MO,2023,"China, Macao SAR",704.149,100.0
"['CN', 'TW']",2023,"China, Taiwan Province of",23923.276,80.06192
CO,2023,Colombia,52085.168,82.35398
KM,2023,Comoros,852.075,30.13186
CG,2023,Congo,6106.869,69.18789
CD,2023,"Congo, Dem. Rep. of the",102262.808,47.4439
CK,2023,Cook Islands,17.044,76.17697
CR,2023,Costa Rica,5212.173,82.62192
CI,2023,Côte d'Ivoire,28873.034,53.14921
HR,2023,Croatia,4008.617,58.5748
CU,2023,Cuba,11194.449,77.52324
CW,2023,Curaçao,192.077,89.02284
CY,2023,Cyprus,915.962,66.98679
CZ,2023,Czechia,10495.295,74.55207
CZ,2023,Czechoslovakia,,
DK,2023,Denmark,5910.913,88.49543
DJ,2023,Djibouti,1136.455,78.55204
DM,2023,Dominica,73.04,72.00605
DO,2023,Dominican Republic,11332.972,84.44645
EC,2023,Ecuador,18190.484,64.79248
EG,2023,Egypt,112716.598,43.09957
SV,2023,El Salvador,6364.943,75.39336
GQ,2023,Equatorial Guinea,1714.671,74.44792
ER,2023,Eritrea,3748.901,43.26728
EE,2023,Estonia,1322.765,69.81024
SZ,2023,Eswatini,1210.822,24.79009
ET,2023,Ethiopia,126527.06,23.15686
ET,2023,Ethiopia (...1991),,
FK,2023,Falkland Islands (Malvinas),3.791,79.6859
FO,2023,Faroe Islands,53.27,42.98612
FJ,2023,Fiji,936.375,58.71277
FI,2023,Finland,5545.475,85.77328
FR,2023,France,67185.647,82.02934
FR,2023,"France, metropolitan",64756.584,81.77654
GF,2023,French Guiana,312.155,86.5279
GP,2023,Guadeloupe,395.839,98.54154
MQ,2023,Martinique,366.981,89.34096
YT,2023,Mayotte,335.995,45.40289
MC,2023,Monaco,36.297,100.0
RE,2023,Réunion,981.796,99.75261
PF,2023,French Polynesia,308.872,62.28818
GA,2023,Gabon,2436.566,91.02909
GM,2023,Gambia,2773.168,64.47186
GE,2023,Georgia,3728.282,60.72685
DE,2023,Germany,83294.633,77.76505
DE,2023,"Germany, Federal Republic of",,
GH,2023,Ghana,34121.985,59.23796
GI,2023,Gibraltar,32.688,100.0
GR,2023,Greece,10341.277,80.67275
GL,2023,Greenland,56.643,87.94009
GD,2023,Grenada,126.183,37.05905
GU,2023,Guam,172.952,95.16579
GT,2023,Guatemala,18092.026,53.09825
GN,2023,Guinea,14190.612,38.08499
GW,2023,Guinea-Bissau,2150.842,45.46594
GY,2023,Guyana,813.834,27.16198
HT,2023,Haiti,11724.763,59.65598
VA,2023,Holy See,0.518,100.0
HN,2023,Honduras,10593.798,60.21227
HU,2023,Hungary,10156.239,72.8637
IS,2023,Iceland,375.318,94.04188
IN,2023,India,1428627.663,36.36361
ID,2023,Indonesia,277534.122,58.57214
ID,2023,Indonesia (...2002),,
IR,2023,Iran (Islamic Republic of),89172.767,77.25744
IQ,2023,Iraq,45504.56,71.59873
IE,2023,Ireland,5056.935,64.46588
IL,2023,Israel,9174.52,92.85363
IT,2023,Italy,58870.762,71.97264
JM,2023,Jamaica,2825.544,57.37762
JP,2023,Japan,123294.513,92.04341
JO,2023,Jordan,11337.052,92.01972
KZ,2023,Kazakhstan,19606.633,58.17907
KE,2023,Kenya,55100.586,29.52021
KI,2023,Kiribati,133.515,57.76241
KP,2023,"Korea, Dem. People's Rep. of",26160.821,63.20329
KR,2023,"Korea, Republic of",51784.059,81.45553
KW,2023,Kuwait,4310.108,100.0
KG,2023,Kyrgyzstan,6735.347,37.80081
LA,2023,Lao People's Dem. Rep.,7633.779,38.24727
LV,2023,Latvia,1830.211,68.67123
LB,2023,Lebanon,5353.93,89.43214
LS,2023,Lesotho,2330.318,30.4151
LR,2023,Liberia,5418.377,53.56705
LY,2023,Libya,6888.388,81.6063
LT,2023,Lithuania,2718.352,68.69445
LU,2023,Luxembourg,654.768,92.07838
MG,2023,Madagascar,30325.732,40.55634
MW,2023,Malawi,20931.751,18.28032
MY,2023,Malaysia,34308.525,78.71599
MV,2023,Maldives,521.021,41.97088
ML,2023,Mali,23293.698,46.18938
MT,2023,Malta,535.064,94.9409
MH,2023,Marshall Islands,41.996,78.86891
MR,2023,Mauritania,4862.989,57.69856
MU,2023,Mauritius,1300.557,40.86688
MX,2023,Mexico,128455.567,81.5817
FM,2023,Micronesia (Federated States of),115.224,23.37836
MD,2023,"Moldova, Republic of",3435.931,43.37306
MN,2023,Mongolia,3447.157,69.08872
ME,2023,Montenegro,626.485,68.50211
MS,2023,Montserrat,4.386,9.25576
MA,2023,Morocco,37840.044,65.12143
MZ,2023,Mozambique,33897.354,38.75338
MM,2023,Myanmar,54577.997,32.1121
NA,2023,Namibia,2604.172,54.88642
NR,2023,Nauru,12.78,100.0
NP,2023,Nepal,30896.59,21.90316
NL,2023,Netherlands (Kingdom of the),17618.299,93.1791
NC,2023,New Caledonia,292.991,72.71905
NZ,2023,New Zealand,5228.1,86.98487
NI,2023,Nicaragua,7046.31,59.84917
NE,2023,Niger,27202.843,17.0539
NG,2023,Nigeria,223804.632,54.28271
NU,2023,Niue,1.935,48.25688
MK,2023,North Macedonia,2085.679,59.47941
MP,2023,Northern Mariana Islands,49.796,92.07567
NO,2023,Norway,5474.36,83.99519
OM,2023,Oman,4644.384,88.39993
PK,2023,Pakistan,240485.658,38.03962
PW,2023,Palau,18.058,82.40805
PA,2023,Panama,4468.087,69.51244
PA,2023,"Panama, excluding Canal Zone",,
PG,2023,Papua New Guinea,10329.931,13.72305
PY,2023,Paraguay,6861.524,63.14937
PE,2023,Peru,34352.719,78.92151
PH,2023,Philippines,117337.368,48.28743
PL,2023,Poland,41026.067,60.21849
PT,2023,Portugal,10247.605,67.90585
QA,2023,Qatar,2716.391,99.35383
RO,2023,Romania,19892.812,54.67243
RU,2023,Russian Federation,144444.359,75.331
RW,2023,Rwanda,14094.683,17.89226
BL,2023,Saint Barthélemy,10.994,98.54154
SH,2023,Saint Helena,5.314,40.64963
KN,2023,Saint Kitts and Nevis,47.755,31.09559
LC,2023,Saint Lucia,180.251,19.17211
MF,2023,Saint Martin (French part),32.077,98.54154
PM,2023,Saint Pierre and Miquelon,5.84,90.17244
VC,2023,Saint Vincent and the Grenadines,103.698,54.29913
WS,2023,Samoa,225.681,17.50842
SM,2023,San Marino,33.642,97.83526
ST,2023,Sao Tome and Principe,231.856,76.40117
SA,2023,Saudi Arabia,36947.025,84.95039
SN,2023,Senegal,17763.163,49.5791
RS,2023,Serbia,8812.671,57.11336
SC,2023,Seychelles,107.66,58.82013
SL,2023,Sierra Leone,8791.092,44.30041
SG,2023,Singapore,6014.723,100.0
SX,2023,Sint Maarten (Dutch part),44.222,100.0
SK,2023,Slovakia,5795.199,54.02662
SI,2023,Slovenia,2119.675,56.08754
SB,2023,Solomon Islands,740.424,26.03702
SO,2023,Somalia,18143.378,47.92014
ZA,2023,South Africa,60414.495,68.81916
SS,2023,South Sudan,11088.796,21.19476
ES,2023,Spain,47519.628,81.55233
LK,2023,Sri Lanka,21893.579,19.21086
PS,2023,State of Palestine,5371.23,77.58236
SD,2023,Sudan,48109.006,36.34193
SD,2023,Sudan (...2011),,
SR,2023,Suriname,623.236,66.41138
SE,2023,Sweden,10612.086,88.7375
"['LI', 'CH']",2023,"Switzerland, Liechtenstein",8836.253,73.93528
LI,2023,Liechtenstein,39.584,14.61593
CH,2023,Switzerland,8796.669,74.20221
SY,2023,Syrian Arab Republic,23227.014,57.40921
TJ,2023,Tajikistan,10143.543,28.23395
TZ,2023,"Tanzania, United Republic of",67438.106,37.40916
TH,2023,Thailand,71801.279,53.60768
TL,2023,Timor-Leste,1360.596,32.45649
TG,2023,Togo,9053.799,44.48987
TK,2023,Tokelau,1.893,0.0
TO,2023,Tonga,107.773,23.16035
TT,2023,Trinidad and Tobago,1534.937,53.43908
TN,2023,Tunisia,12458.223,70.54445
TR,2023,Türkiye,85816.199,77.46306
TM,2023,Turkmenistan,6516.1,54.00288
TC,2023,Turks and Caicos Islands,46.062,94.2465
TV,2023,Tuvalu,11.396,66.23881
UG,2023,Uganda,48582.334,26.77138
UA,2023,Ukraine,36744.634,70.09504
AE,2023,United Arab Emirates,9516.871,87.77886
GB,2023,United Kingdom,67996.858,84.46575
IM,2023,Isle of Man,84.71,53.48151
"['IM', 'GB']",2023,United Kingdom excl. Channel Islands and Isle of Man,67736.802,84.64249
US,2023,United States of America,343355.627,83.40006
"['PR', 'US']",2023,United States of America including Puerto Rico,343256.877,83.39637
PR,2023,Puerto Rico,3260.314,93.63356
US,2023,United States of America excluding Puerto Rico and United States Virgin Islands,339996.563,83.2982
VI,2023,United States Virgin Islands,98.75,96.22736
UY,2023,Uruguay,3423.108,95.77076
UZ,2023,Uzbekistan,35163.944,50.53184
VU,2023,Vanuatu,334.506,25.97639
VE,2023,Venezuela (Bolivarian Rep. of),28838.499,88.43815
VN,2023,Viet Nam,98858.95,39.4804
WF,2023,Wallis and Futuna Islands,11.502,0.0
EH,2023,Western Sahara,587.259,87.08118
YE,2023,Yemen,34449.825,39.83141
YE,2023,"Yemen, Democratic",,
ZM,2023,Zambia,20569.737,46.33489
ZW,2023,Zimbabwe,16665.409,32.51731
ZA,2023,Southern Africa,69235.159,66.38891
"['AU', 'NZ']",2023,"Europe, Northern America, Australia and New Zealand",1159512.062,78.41223
HT,2023,LDCs: Islands and Haiti,15054.625,54.11935
AF,2024,Afghanistan,43372.95,27.26523
AL,2024,Albania,2826.02,65.3795
DZ,2024,Algeria,46278.751,75.74756
AS,2024,American Samoa,43.544,87.28362
AD,2024,Andorra,80.341,87.74743
AO,2024,Angola,37804.634,69.28055
AI,2024,Anguilla,15.936,100.0
AG,2024,Antigua and Barbuda,94.816,24.33792
AR,2024,Argentina,46057.866,92.5786
AM,2024,Armenia,2777.979,63.92865
AW,2024,Aruba,106.177,44.47423
AU,2024,Australia,26699.482,86.75027
AT,2024,Austria,8977.139,59.81924
AZ,2024,Azerbaijan,10462.904,57.99731
BS,2024,Bahamas,415.223,83.76437
BH,2024,Bahrain,1498.712,89.99924
BD,2024,Bangladesh,174701.211,41.23006
BB,2024,Barbados,282.309,31.54798
BY,2024,Belarus,9455.037,81.12484
BE,2024,Belgium,11715.774,98.22398
BZ,2024,Belize,416.656,46.83768
BJ,2024,Benin,14080.072,50.66867
BM,2024,Bermuda,63.935,100.0
BT,2024,Bhutan,792.382,45.00037
BO,2024,Bolivia (Plurinational State of),12567.336,71.54474
BQ,2024,"Bonaire, Sint Eustatius and Saba",27.272,75.49622
BA,2024,Bosnia and Herzegovina,3194.378,50.70834
BW,2024,Botswana,2719.694,73.4898
BR,2024,Brazil,217637.297,88.0158
VG,2024,British Virgin Islands,31.763,50.16981
BN,2024,Brunei Darussalam,455.858,79.43926
BG,2024,Bulgaria,6618.615,77.03706
BF,2024,Burkina Faso,23840.247,33.16635
BI,2024,Burundi,13591.657,15.15995
CV,2024,Cabo Verde,604.461,68.41211
KH,2024,Cambodia,17121.847,26.03508
CM,2024,Cameroon,29394.433,59.89179
CA,2024,Canada,39107.046,81.98039
KY,2024,Cayman Islands,69.885,100.0
CF,2024,Central African Republic,5915.627,44.12952
TD,2024,Chad,18847.148,24.69096
CL,2024,Chile,19658.839,88.11619
CN,2024,China,1425178.782,65.54411
HK,2024,"China, Hong Kong SAR",7496.681,100.0
MO,2024,"China, Macao SAR",713.082,100.0
"['CN', 'TW']",2024,"China, Taiwan Province of",23950.214,80.41966
CO,2024,Colombia,52340.774,82.65237
KM,2024,Comoros,867.605,30.41804
CG,2024,Congo,6244.547,69.63756
CD,2024,"Congo, Dem. Rep. of the",105625.114,48.05459
CK,2024,Cook Islands,17.072,76.40799
CR,2024,Costa Rica,5246.714,83.16704
CI,2024,Côte d'Ivoire,29603.302,53.64352
HR,2024,Croatia,3986.627,58.94493
CU,2024,Cuba,11174.587,77.65716
CW,2024,Curaçao,192.965,89.0333
CY,2024,Cyprus,924.181,67.08219
CZ,2024,Czechia,10503.734,74.73796
CZ,2024,Czechoslovakia,,
DK,2024,Denmark,5939.695,88.62604
DJ,2024,Djibouti,1152.329,78.73189
DM,2024,Dominica,73.368,72.31206
DO,2024,Dominican Republic,11434.005,85.01081
EC,2024,Ecuador,18377.367,65.02936
EG,2024,Egypt,114484.252,43.25845
SV,2024,El Salvador,6396.289,75.99604
GQ,2024,Equatorial Guinea,1754.993,74.87447
ER,2024,Eritrea,3817.651,43.9114
EE,2024,Estonia,1319.041,70.01895
SZ,2024,Eswatini,1222.075,25.01305
ET,2024,Ethiopia,129719.719,23.66084
ET,2024,Ethiopia (...1991),,
FK,2024,Falkland Islands (Malvinas),3.803,80.06135
FO,2024,Faroe Islands,53.444,43.20615
FJ,2024,Fiji,943.072,59.19196
FI,2024,Finland,5549.886,85.87213
FR,2024,France,67335.891,82.28544
FR,2024,"France, metropolitan",64881.83,82.04411
GF,2024,French Guiana,319.796,86.74955
GP,2024,Guadeloupe,396.346,98.55733
MQ,2024,Martinique,366.416,89.42491
YT,2024,Mayotte,345.996,45.35247
MC,2024,Monaco,36.157,100.0
RE,2024,Réunion,989.35,99.77469
PF,2024,French Polynesia,311.383,62.41958
GA,2024,Gabon,2484.557,91.30651
GM,2024,Gambia,2841.803,65.08034
GE,2024,Georgia,3717.425,61.16236
DE,2024,Germany,83252.474,77.89482
DE,2024,"Germany, Federal Republic of",,
GH,2024,Ghana,34777.522,59.85417
GI,2024,Gibraltar,32.718,100.0
GR,2024,Greece,10302.72,80.98446
GL,2024,Greenland,56.789,88.14959
GD,2024,Grenada,126.887,37.26712
GU,2024,Guam,174.114,95.23979
GT,2024,Guatemala,18358.43,53.54166
GN,2024,Guinea,14528.77,38.51672
GW,2024,Guinea-Bissau,2197.149,45.89303
GY,2024,Guyana,819.594,27.31592
HT,2024,Haiti,11867.03,60.47162
VA,2024,Holy See,0.526,100.0
HN,2024,Honduras,10759.406,60.81799
HU,2024,Hungary,9994.993,73.17897
IS,2024,Iceland,377.689,94.09368
IN,2024,India,1441719.852,36.86738
ID,2024,Indonesia,279798.049,59.20351
ID,2024,Indonesia (...2002),,
IR,2024,Iran (Islamic Republic of),89809.781,77.69788
IQ,2024,Iraq,46523.657,71.85313
IE,2024,Ireland,5089.478,64.76003
IL,2024,Israel,9311.652,92.94576
IT,2024,Italy,58697.744,72.29173
JM,2024,Jamaica,2824.738,57.76183
JP,2024,Japan,122631.432,92.13383
JO,2024,Jordan,11384.922,92.20572
KZ,2024,Kazakhstan,19828.165,58.38681
KE,2024,Kenya,56203.03,30.04895
KI,2024,Kiribati,135.763,58.44809
KP,2024,"Korea, Dem. People's Rep. of",26244.582,63.50278
KR,2024,"Korea, Republic of",51741.963,81.4981
KW,2024,Kuwait,4349.38,100.0
KG,2024,Kyrgyzstan,6839.606,38.16622
LA,2024,Lao People's Dem. Rep.,7736.681,38.90563
LV,2024,Latvia,1810.24,68.81542
LB,2024,Lebanon,5219.044,89.60264
LS,2024,Lesotho,2356.083,30.89747
LR,2024,Liberia,5536.949,54.07743
LY,2024,Libya,6964.197,81.90698
LT,2024,Lithuania,2692.798,68.9362
LU,2024,Luxembourg,661.594,92.26637
MG,2024,Madagascar,31056.61,41.23081
MW,2024,Malawi,21475.962,18.59806
MY,2024,Malaysia,34671.895,79.20124
MV,2024,Maldives,517.887,42.40743
ML,2024,Mali,24015.789,46.93363
MT,2024,Malta,536.74,95.0063
MH,2024,Marshall Islands,42.415,79.20731
MR,2024,Mauritania,4993.922,58.45779
MU,2024,Mauritius,1301.978,40.94425
MX,2024,Mexico,129388.467,81.86196
FM,2024,Micronesia (Federated States of),116.3,23.55415
MD,2024,"Moldova, Republic of",3329.865,43.5994
MN,2024,Mongolia,3493.629,69.26293
ME,2024,Montenegro,626.102,68.84039
MS,2024,Montserrat,4.372,9.30976
MA,2024,Morocco,38211.459,65.64303
MZ,2024,Mozambique,34858.402,39.32551
MM,2024,Myanmar,54964.694,32.47011
NA,2024,Namibia,2645.805,55.79489
NR,2024,Nauru,12.884,100.0
NP,2024,Nepal,31240.315,22.36557
NL,2024,Netherlands (Kingdom of the),17671.125,93.45269
NC,2024,New Caledonia,295.966,73.10588
NZ,2024,New Zealand,5269.939,87.09115
NI,2024,Nicaragua,7142.529,60.15545
NE,2024,Niger,28238.972,17.23164
NG,2024,Nigeria,229152.217,55.02987
NU,2024,Niue,1.935,48.86988
MK,2024,North Macedonia,2082.706,59.86842
MP,2024,Northern Mariana Islands,50.025,92.17177
NO,2024,Norway,5514.477,84.31802
OM,2024,Oman,4713.553,88.99757
PK,2024,Pakistan,245209.815,38.36519
PW,2024,Palau,18.051,82.83847
PA,2024,Panama,4527.961,69.88815
PA,2024,"Panama, excluding Canal Zone",,
PG,2024,Papua New Guinea,10515.788,13.88038
PY,2024,Paraguay,6947.27,63.48943
PE,2024,Peru,34683.444,79.13938
PH,2024,Philippines,119106.224,48.61424
PL,2024,Poland,40221.726,60.32954
PT,2024,Portugal,10223.349,68.42337
QA,2024,Qatar,2737.061,99.38669
RO,2024,Romania,19618.996,54.88049
RU,2024,Russian Federation,143957.079,75.54782
RW,2024,Rwanda,14414.91,18.0814
BL,2024,Saint Barthélemy,11.019,98.55733
SH,2024,Saint Helena,5.253,40.8929
KN,2024,Saint Kitts and Nevis,47.847,31.22213
LC,2024,Saint Lucia,180.805,19.30578
MF,2024,Saint Martin (French part),32.337,98.55733
PM,2024,Saint Pierre and Miquelon,5.815,90.11953
VC,2024,Saint Vincent and the Grenadines,103.683,54.72441
WS,2024,Samoa,228.966,17.42034
SM,2024,San Marino,33.614,97.93212
ST,2024,Sao Tome and Principe,236.381,77.01356
SA,2024,Saudi Arabia,37473.929,85.17102
SN,2024,Senegal,18221.567,50.08039
RS,2024,Serbia,8764.511,57.37116
SC,2024,Seychelles,108.263,59.2417
SL,2024,Sierra Leone,8977.972,44.77929
SG,2024,Singapore,6052.709,100.0
SX,2024,Sint Maarten (Dutch part),44.309,100.0
SK,2024,Slovakia,5702.832,54.17244
SI,2024,Slovenia,2118.965,56.43798
SB,2024,Solomon Islands,756.673,26.48775
SO,2024,Somalia,18706.922,48.51869
ZA,2024,South Africa,61020.221,69.29839
SS,2024,South Sudan,11277.092,21.56026
ES,2024,Spain,47473.373,81.80205
LK,2024,Sri Lanka,21949.268,19.41579
PS,2024,State of Palestine,5494.963,77.87745
SD,2024,Sudan,49358.228,36.75164
SD,2024,Sudan (...2011),,
SR,2024,Suriname,628.785,66.53313
SE,2024,Sweden,10673.669,88.97617
"['LI', 'CH']",2024,"Switzerland, Liechtenstein",8891.253,74.05984
LI,2024,Liechtenstein,39.822,14.70596
CH,2024,Switzerland,8851.431,74.32687
SY,2024,Syrian Arab Republic,24348.053,58.04369
TJ,2024,Tajikistan,10331.513,28.52309
TZ,2024,"Tanzania, United Republic of",69419.073,38.13602
TH,2024,Thailand,71885.799,54.31964
TL,2024,Timor-Leste,1379.883,32.84178
TG,2024,Togo,9260.864,45.06374
TK,2024,Tokelau,1.915,0.0
TO,2024,Tonga,108.683,23.20965
TT,2024,Trinidad and Tobago,1538.2,53.56204
TN,2024,Tunisia,12564.689,70.88008
TR,2024,Türkiye,86260.417,77.89319
TM,2024,Turkmenistan,6598.071,54.52425
TC,2024,Turks and Caicos Islands,46.431,94.43387
TV,2024,Tuvalu,11.478,66.92861
UG,2024,Uganda,49924.252,27.38915
UA,2024,Ukraine,37937.821,70.28444
AE,2024,United Arab Emirates,9591.853,88.00809
GB,2024,United Kingdom,68222.974,84.70685
IM,2024,Isle of Man,84.904,53.70861
"['IM', 'GB']",2024,United Kingdom excl. Channel Islands and Isle of Man,67961.439,84.88449
US,2024,United States of America,345181.277,83.6146
"['PR', 'US']",2024,United States of America including Puerto Rico,345083.222,83.61099
PR,2024,Puerto Rico,3268.802,93.66397
US,2024,United States of America excluding Puerto Rico and United States Virgin Islands,341814.42,83.51485
VI,2024,United States Virgin Islands,98.055,96.31477
UY,2024,Uruguay,3423.316,95.85185
UZ,2024,Uzbekistan,35673.804,50.62568
VU,2024,Vanuatu,342.325,26.14728
VE,2024,Venezuela (Bolivarian Rep. of),29395.334,88.50488
VN,2024,Viet Nam,99497.68,40.19486
WF,2024,Wallis and Futuna Islands,11.439,0.0
EH,2024,Western Sahara,598.385,87.17483
YE,2024,Yemen,35219.853,40.47727
YE,2024,"Yemen, Democratic",,
ZM,2024,Zambia,21134.695,46.91411
ZW,2024,Zimbabwe,17020.321,32.66996
ZA,2024,Southern Africa,69963.878,66.88394
"['AU', 'NZ']",2024,"Europe, Northern America, Australia and New Zealand",1161378.237,78.66378
HT,2024,LDCs: Islands and Haiti,15254.813,54.82058
AF,2025,Afghanistan,44515.793,27.61283
AL,2025,Albania,2821.626,66.1295
DZ,2025,Algeria,46922.031,76.21198
AS,2025,American Samoa,43.161,87.34442
AD,2025,Andorra,80.578,87.73128
AO,2025,Angola,38942.791,69.8596
AI,2025,Anguilla,15.966,100.0
AG,2025,Antigua and Barbuda,95.319,24.36373
AR,2025,Argentina,46337.52,92.69305
AM,2025,Armenia,2777.003,64.14171
AW,2025,Aruba,106.043,44.71124
AU,2025,Australia,26958.054,86.88721
AT,2025,Austria,8994.123,60.12167
AZ,2025,Azerbaijan,10509.535,58.43071
BS,2025,Bahamas,417.79,83.90962
BH,2025,Bahrain,1511.676,90.1335
BD,2025,Bangladesh,176421.509,41.98165
BB,2025,Barbados,282.58,31.69394
BY,2025,Belarus,9412.54,81.50857
BE,2025,Belgium,11744.521,98.25794
BZ,2025,Belize,422.44,47.085
BJ,2025,Benin,14454.199,51.24084
BM,2025,Bermuda,63.778,100.0
BT,2025,Bhutan,797.335,45.63601
BO,2025,Bolivia (Plurinational State of),12746.148,71.90463
BQ,2025,"Bonaire, Sint Eustatius and Saba",27.399,75.63569
BA,2025,Bosnia and Herzegovina,3181.557,51.15875
BW,2025,Botswana,2763.338,74.09296
BR,2025,Brazil,218803.058,88.23843
VG,2025,British Virgin Islands,31.984,50.59944
BN,2025,Brunei Darussalam,459.045,79.72549
BG,2025,Bulgaria,6565.19,77.37258
BF,2025,Burkina Faso,24436.925,33.81701
BI,2025,Burundi,13948.14,15.54448
CV,2025,Cabo Verde,610.209,68.8353
KH,2025,Cambodia,17293.532,26.51033
CM,2025,Cameroon,30150.781,60.46432
CA,2025,Canada,39431.447,82.10816
KY,2025,Cayman Islands,70.445,100.0
CF,2025,Central African Republic,6097.449,44.66605
TD,2025,Chad,19425.96,25.03778
CL,2025,Chile,19690.323,88.22558
CN,2025,China,1424381.924,66.4811
HK,2025,"China, Hong Kong SAR",7499.791,100.0
MO,2025,"China, Macao SAR",721.922,100.0
"['CN', 'TW']",2025,"China, Taiwan Province of",23974.031,80.7697
CO,2025,Colombia,52610.722,82.94511
KM,2025,Comoros,883.075,30.72235
CG,2025,Congo,6383.738,70.08509
CD,2025,"Congo, Dem. Rep. of the",109075.56,48.66876
CK,2025,Cook Islands,17.102,76.64201
CR,2025,Costa Rica,5280.199,83.67885
CI,2025,Côte d'Ivoire,30344.181,54.14403
HR,2025,Croatia,3964.392,59.32931
CU,2025,Cuba,11152.631,77.80292
CW,2025,Curaçao,193.837,89.05466
CY,2025,Cyprus,931.981,67.19751
CZ,2025,Czechia,10509.965,74.93468
CZ,2025,Czechoslovakia,,
DK,2025,Denmark,5968.467,88.75851
DJ,2025,Djibouti,1168.257,78.91954
DM,2025,Dominica,73.685,72.6185
DO,2025,Dominican Republic,11532.151,85.5425
EC,2025,Ecuador,18563.37,65.28002
EG,2025,Egypt,116275.465,43.444
SV,2025,El Salvador,6426.229,76.57601
GQ,2025,Equatorial Guinea,1795.574,75.29002
ER,2025,Eritrea,3889.63,44.5568
EE,2025,Estonia,1314.9,70.23499
SZ,2025,Eswatini,1234.858,25.24464
ET,2025,Ethiopia,132938.555,24.17314
ET,2025,Ethiopia (...1991),,
FK,2025,Falkland Islands (Malvinas),3.817,80.42292
FO,2025,Faroe Islands,53.623,43.43635
FJ,2025,Fiji,949.992,59.66647
FI,2025,Finland,5553.985,85.97754
FR,2025,France,67482.368,82.54152
FR,2025,"France, metropolitan",65003.384,82.31167
GF,2025,French Guiana,327.476,86.96399
GP,2025,Guadeloupe,396.874,98.57388
MQ,2025,Martinique,365.819,89.51703
YT,2025,Mayotte,356.021,45.33426
MC,2025,Monaco,36.051,100.0
RE,2025,Réunion,996.743,99.79353
PF,2025,French Polynesia,313.81,62.56459
GA,2025,Gabon,2532.885,91.56797
GM,2025,Gambia,2911.207,65.67776
GE,2025,Georgia,3709.51,61.60287
DE,2025,Germany,83199.069,78.03723
DE,2025,"Germany, Federal Republic of",,
GH,2025,Ghana,35439.785,60.46321
GI,2025,Gibraltar,32.742,100.0
GR,2025,Greece,10263.298,81.2923
GL,2025,Greenland,56.916,88.35296
GD,2025,Grenada,127.553,37.49123
GU,2025,Guam,175.263,95.31279
GT,2025,Guatemala,18636.532,53.99608
GN,2025,Guinea,14873.051,38.9627
GW,2025,Guinea-Bissau,2244.368,46.32188
GY,2025,Guyana,825.051,27.48448
HT,2025,Haiti,12009.506,61.26648
VA,2025,Holy See,0.533,100.0
HN,2025,Honduras,10923.967,61.41722
HU,2025,Hungary,9870.87,73.498
IS,2025,Iceland,380.01,94.14698
IN,2025,India,1454606.724,37.38337
ID,2025,Indonesia,282004.306,59.82815
ID,2025,Indonesia (...2002),,
IR,2025,Iran (Islamic Republic of),90410.659,78.12804
IQ,2025,Iraq,47549.546,72.11675
IE,2025,Ireland,5120.867,65.06538
IL,2025,Israel,9448.781,93.03933
IT,2025,Italy,58518.843,72.61441
JM,2025,Jamaica,2823.199,58.16
JP,2025,Japan,121960.408,92.2257
JO,2025,Jordan,11442.114,92.38492
KZ,2025,Kazakhstan,20055.854,58.61345
KE,2025,Kenya,57323.93,30.58775
KI,2025,Kiribati,137.984,59.11545
KP,2025,"Korea, Dem. People's Rep. of",26319.924,63.81467
KR,2025,"Korea, Republic of",51690.479,81.55497
KW,2025,Kuwait,4387.109,100.0
KG,2025,Kyrgyzstan,6942.679,38.55707
LA,2025,Lao People's Dem. Rep.,7838.305,39.56637
LV,2025,Latvia,1790.796,68.97216
LB,2025,Lebanon,5097.604,89.77354
LS,2025,Lesotho,2381.381,31.38984
LR,2025,Liberia,5657.229,54.59618
LY,2025,Libya,7038.38,82.20381
LT,2025,Lithuania,2668.446,69.19039
LU,2025,Luxembourg,668.1,92.44496
MG,2025,Madagascar,31797.306,41.9045
MW,2025,Malawi,22033.992,18.9332
MY,2025,Malaysia,35028.03,79.67034
MV,2025,Maldives,515.223,42.84504
ML,2025,Mali,24758.658,47.66888
MT,2025,Malta,538.297,95.07147
MH,2025,Marshall Islands,42.819,79.53894
MR,2025,Mauritania,5128.141,59.2008
MU,2025,Mauritius,1303.21,41.04263
MX,2025,Mexico,130301.391,82.14037
FM,2025,Micronesia (Federated States of),117.389,23.74447
MD,2025,"Moldova, Republic of",3254.966,43.85163
MN,2025,Mongolia,3537.947,69.45193
ME,2025,Montenegro,625.623,69.17892
MS,2025,Montserrat,4.359,9.38906
MA,2025,Morocco,38571.289,66.16013
MZ,2025,Mozambique,35834.558,39.90355
MM,2025,Myanmar,55336.783,32.84561
NA,2025,Namibia,2690.284,56.68103
NR,2025,Nauru,12.979,100.0
NP,2025,Nepal,31577.361,22.838
NL,2025,Netherlands (Kingdom of the),17722.333,93.70809
NC,2025,New Caledonia,298.873,73.48609
NZ,2025,New Zealand,5310.695,87.20273
NI,2025,Nicaragua,7237.313,60.47495
NE,2025,Niger,29315.971,17.42752
NG,2025,Nigeria,234573.603,55.76234
NU,2025,Niue,1.935,49.48076
MK,2025,North Macedonia,2082.425,60.28489
MP,2025,Northern Mariana Islands,50.255,92.26695
NO,2025,Norway,5554.468,84.6324
OM,2025,Oman,4780.706,89.54689
PK,2025,Pakistan,249948.885,38.70787
PW,2025,Palau,18.044,83.25365
PA,2025,Panama,4586.672,70.26823
PA,2025,"Panama, excluding Canal Zone",,
PG,2025,Papua New Guinea,10701.144,14.05406
PY,2025,Paraguay,7031.341,63.83807
PE,2025,Peru,35015.825,79.36184
PH,2025,Philippines,120864.358,48.95785
PL,2025,Poland,39616.73,60.46671
PT,2025,Portugal,10198.116,68.93338
QA,2025,Qatar,2757.22,99.41666
RO,2025,Romania,19424.322,55.1127
RU,2025,Russian Federation,143494.21,75.77641
RW,2025,Rwanda,14737.248,18.28899
BL,2025,Saint Barthélemy,11.043,98.57388
SH,2025,Saint Helena,5.196,41.12216
KN,2025,Saint Kitts and Nevis,47.935,31.36786
LC,2025,Saint Lucia,181.31,19.45139
MF,2025,Saint Martin (French part),32.577,98.57388
PM,2025,Saint Pierre and Miquelon,5.787,90.17723
VC,2025,Saint Vincent and the Grenadines,103.823,55.15169
WS,2025,Samoa,232.231,17.3514
SM,2025,San Marino,33.583,98.02197
ST,2025,Sao Tome and Principe,240.979,77.59305
SA,2025,Saudi Arabia,37989.969,85.39117
SN,2025,Senegal,18687.8,50.58917
RS,2025,Serbia,8727.763,57.64649
SC,2025,Seychelles,108.844,59.66288
SL,2025,Sierra Leone,9165.377,45.26779
SG,2025,Singapore,6089.541,100.0
SX,2025,Sint Maarten (Dutch part),44.404,100.0
SK,2025,Slovakia,5635.034,54.34666
SI,2025,Slovenia,2117.762,56.80166
SB,2025,Solomon Islands,773.027,26.93536
SO,2025,Somalia,19281.903,49.11943
ZA,2025,South Africa,61673.081,69.7727
SS,2025,South Sudan,11473.439,21.94316
ES,2025,Spain,47420.024,82.0526
LK,2025,Sri Lanka,22000.246,19.64088
PS,2025,State of Palestine,5620.605,78.1758
SD,2025,Sudan,50614.633,37.18488
SD,2025,Sudan (...2011),,
SR,2025,Suriname,634.221,66.6719
SE,2025,Sweden,10733.867,89.20775
"['LI', 'CH']",2025,"Switzerland, Liechtenstein",8944.66,74.19863
LI,2025,Liechtenstein,40.05,14.80775
CH,2025,Switzerland,8904.61,74.46575
SY,2025,Syrian Arab Republic,25427.191,58.67251
TJ,2025,Tajikistan,10516.94,28.83602
TZ,2025,"Tanzania, United Republic of",71427.81,38.86155
TH,2025,Thailand,71953.054,55.02405
TL,2025,Timor-Leste,1399.184,33.23019
TG,2025,Togo,9470.157,45.64246
TK,2025,Tokelau,1.934,0.0
TO,2025,Tonga,109.596,23.27429
TT,2025,Trinidad and Tobago,1540.943,53.70892
TN,2025,Tunisia,12665.802,71.22045
TR,2025,Türkiye,86696.476,78.3123
TM,2025,Turkmenistan,6676.966,55.05772
TC,2025,Turks and Caicos Islands,46.797,94.6069
TV,2025,Tuvalu,11.565,67.58524
UG,2025,Uganda,51284.671,28.01224
UA,2025,Ukraine,38759.076,70.48705
AE,2025,United Arab Emirates,9665.319,88.23033
GB,2025,United Kingdom,68443.606,84.94563
IM,2025,Isle of Man,85.082,53.95057
"['IM', 'GB']",2025,United Kingdom excl. Channel Islands and Isle of Man,68180.606,85.12411
US,2025,United States of America,346976.041,83.83149
"['PR', 'US']",2025,United States of America including Puerto Rico,346878.715,83.82797
PR,2025,Puerto Rico,3275.311,93.70065
US,2025,United States of America excluding Puerto Rico and United States Virgin Islands,343603.404,83.73386
VI,2025,United States Virgin Islands,97.326,96.39722
UY,2025,Uruguay,3423.454,95.93092
UZ,2025,Uzbekistan,36159.016,50.74717
VU,2025,Vanuatu,350.202,26.32889
VE,2025,Venezuela (Bolivarian Rep. of),29926.368,88.57825
VN,2025,Viet Nam,100103.979,40.90891
WF,2025,Wallis and Futuna Islands,11.387,0.0
EH,2025,Western Sahara,609.389,87.27323
YE,2025,Yemen,36000.452,41.12458
YE,2025,"Yemen, Democratic",,
ZM,2025,Zambia,21706.928,47.49815
ZW,2025,Zimbabwe,17375.285,32.85325
ZA,2025,Southern Africa,70742.942,67.37427
"['AU', 'NZ']",2025,"Europe, Northern America, Australia and New Zealand",1163222.973,78.91641
HT,2025,LDCs: Islands and Haiti,15455.32,55.50607
AF,2026,Afghanistan,45667.55,27.97603
AL,2026,Albania,2816.695,66.85289
DZ,2026,Algeria,47538.087,76.66111
AS,2026,American Samoa,42.773,87.416
AD,2026,Andorra,80.796,87.72581
AO,2026,Angola,40099.526,70.42471
AI,2026,Anguilla,15.993,100.0
AG,2026,Antigua and Barbuda,95.803,24.40856
AR,2026,Argentina,46613.495,92.80644
AM,2026,Armenia,2775.109,64.37797
AW,2026,Aruba,105.881,44.96499
AU,2026,Australia,27214.034,87.02775
AT,2026,Austria,9009.822,60.43757
AZ,2026,Azerbaijan,10553.323,58.87677
BS,2026,Bahamas,420.306,84.06103
BH,2026,Bahrain,1524.461,90.27165
BD,2026,Bangladesh,178106.136,42.72713
BB,2026,Barbados,282.797,31.86291
BY,2026,Belarus,9371.048,81.88193
BE,2026,Belgium,11772.171,98.29107
BZ,2026,Belize,428.165,47.35021
BJ,2026,Benin,14832.937,51.81588
BM,2026,Bermuda,63.603,100.0
BT,2026,Bhutan,802.26,46.25658
BO,2026,Bolivia (Plurinational State of),12924.657,72.26592
BQ,2026,"Bonaire, Sint Eustatius and Saba",27.518,75.78816
BA,2026,Bosnia and Herzegovina,3168.378,51.6201
BW,2026,Botswana,2806.3,74.67662
BR,2026,Brazil,219927.144,88.45601
VG,2026,British Virgin Islands,32.197,51.03448
BN,2026,Brunei Darussalam,462.103,80.00744
BG,2026,Bulgaria,6511.163,77.70694
BF,2026,Burkina Faso,25040.39,34.47124
BI,2026,Burundi,14307.816,15.93772
CV,2026,Cabo Verde,615.948,69.25184
KH,2026,Cambodia,17460.074,26.99541
CM,2026,Cameroon,30914.482,61.03186
CA,2026,Canada,39753.766,82.24491
KY,2026,Cayman Islands,70.981,100.0
CF,2026,Central African Republic,6286.949,45.22346
TD,2026,Chad,20013.209,25.40705
CL,2026,Chile,19726.828,88.33957
CN,2026,China,1423255.202,67.38158
HK,2026,"China, Hong Kong SAR",7500.962,100.0
MO,2026,"China, Macao SAR",730.61,100.0
"['CN', 'TW']",2026,"China, Taiwan Province of",23994.081,81.1121
CO,2026,Colombia,52902.741,83.23219
KM,2026,Comoros,898.473,31.04507
CG,2026,Congo,6525.029,70.53022
CD,2026,"Congo, Dem. Rep. of the",112607.66,49.28578
CK,2026,Cook Islands,17.137,76.87799
CR,2026,Costa Rica,5312.699,84.15881
CI,2026,Côte d'Ivoire,31095.448,54.65047
HR,2026,Croatia,3941.961,59.72768
CU,2026,Cuba,11128.799,77.96032
CW,2026,Curaçao,194.695,89.08715
CY,2026,Cyprus,939.26,67.33257
CZ,2026,Czechia,10514.272,75.14203
CZ,2026,Czechoslovakia,,
DK,2026,Denmark,5996.995,88.89278
DJ,2026,Djibouti,1184.178,79.11495
DM,2026,Dominica,73.984,72.92545
DO,2026,Dominican Republic,11627.301,86.04313
EC,2026,Ecuador,18749.869,65.54425
EG,2026,Egypt,118058.996,43.65625
SV,2026,El Salvador,6454.735,77.13377
GQ,2026,Equatorial Guinea,1836.245,75.69462
ER,2026,Eritrea,3963.932,45.203
EE,2026,Estonia,1310.378,70.45819
SZ,2026,Eswatini,1247.889,25.48482
ET,2026,Ethiopia,136180.141,24.69365
ET,2026,Ethiopia (...1991),,
FK,2026,Falkland Islands (Malvinas),3.826,80.77054
FO,2026,Faroe Islands,53.801,43.68048
FJ,2026,Fiji,957.162,60.136
FI,2026,Finland,5557.511,86.08936
FR,2026,France,67625.137,82.79742
FR,2026,"France, metropolitan",65121.251,82.57903
GF,2026,French Guiana,335.204,87.17139
GP,2026,Guadeloupe,397.425,98.5912
MQ,2026,Martinique,365.196,89.61699
YT,2026,Mayotte,366.113,45.3492
MC,2026,Monaco,35.968,100.0
RE,2026,Réunion,1003.98,99.80963
PF,2026,French Polynesia,316.166,62.72252
GA,2026,Gabon,2581.236,91.81424
GM,2026,Gambia,2981.095,66.26396
GE,2026,Georgia,3700.586,62.04811
DE,2026,Germany,83134.876,78.19207
DE,2026,"Germany, Federal Republic of",,
GH,2026,Ghana,36102.736,61.06477
GI,2026,Gibraltar,32.763,100.0
GR,2026,Greece,10223.28,81.59624
GL,2026,Greenland,57.017,88.55158
GD,2026,Grenada,128.189,37.73253
GU,2026,Guam,176.397,95.3843
GT,2026,Guatemala,18913.838,54.46124
GN,2026,Guinea,15220.392,39.42292
GW,2026,Guinea-Bissau,2291.896,46.75238
GY,2026,Guyana,830.213,27.66775
HT,2026,Haiti,12150.613,62.04035
VA,2026,Holy See,0.537,100.0
HN,2026,Honduras,11087.423,62.00973
HU,2026,Hungary,9789.542,73.82056
IS,2026,Iceland,382.26,94.20218
IN,2026,India,1467231.21,37.91148
ID,2026,Indonesia,284151.182,60.4458
ID,2026,Indonesia (...2002),,
IR,2026,Iran (Islamic Republic of),90976.221,78.54804
IQ,2026,Iraq,48583.52,72.38935
IE,2026,Ireland,5151.399,65.38168
IL,2026,Israel,9585.962,93.13425
IT,2026,Italy,58334.49,72.94048
JM,2026,Jamaica,2820.904,58.57185
JP,2026,Japan,121282.488,92.31893
JO,2026,Jordan,11515.043,92.55756
KZ,2026,Kazakhstan,20277.784,58.85886
KE,2026,Kenya,58457.378,31.1365
KI,2026,Kiribati,140.179,59.763
KP,2026,"Korea, Dem. People's Rep. of",26387.425,64.13873
KR,2026,"Korea, Republic of",51630.817,81.62605
KW,2026,Kuwait,4423.726,100.0
KG,2026,Kyrgyzstan,7043.698,38.97341
LA,2026,Lao People's Dem. Rep.,7938.533,40.22909
LV,2026,Latvia,1771.916,69.14136
LB,2026,Lebanon,4988.145,89.94451
LS,2026,Lesotho,2406.247,31.8922
LR,2026,Liberia,5779.303,55.12289
LY,2026,Libya,7111.388,82.49681
LT,2026,Lithuania,2645.221,69.45669
LU,2026,Luxembourg,674.296,92.61466
MG,2026,Madagascar,32544.738,42.57683
MW,2026,Malawi,22601.151,19.28621
MY,2026,Malaysia,35376.942,80.12365
MV,2026,Maldives,513.362,43.28349
ML,2026,Mali,25518.081,48.39451
MT,2026,Malta,539.715,95.13667
MH,2026,Marshall Islands,43.209,79.86137
MR,2026,Mauritania,5264.526,59.92723
MU,2026,Mauritius,1304.199,41.16202
MX,2026,Mexico,131194.049,82.41685
FM,2026,Micronesia (Federated States of),118.472,23.94814
MD,2026,"Moldova, Republic of",3211.875,44.12977
MN,2026,Mongolia,3580.318,69.65555
ME,2026,Montenegro,625.039,69.51724
MS,2026,Montserrat,4.353,9.45794
MA,2026,Morocco,38920.171,66.67254
MZ,2026,Mozambique,36825.701,40.48728
MM,2026,Myanmar,55695.986,33.23876
NA,2026,Namibia,2734.497,57.54434
NR,2026,Nauru,13.063,100.0
NP,2026,Nepal,31907.071,23.32045
NL,2026,Netherlands (Kingdom of the),17771.604,93.94647
NC,2026,New Caledonia,301.712,73.85962
NZ,2026,New Zealand,5350.41,87.31948
NI,2026,Nicaragua,7330.715,60.80746
NE,2026,Niger,30427.55,17.64198
NG,2026,Nigeria,240054.483,56.47967
NU,2026,Niue,1.937,50.15235
MK,2026,North Macedonia,2081.573,60.7282
MP,2026,Northern Mariana Islands,50.47,92.36254
NO,2026,Norway,5594.125,84.93843
OM,2026,Oman,4846.014,90.05152
PK,2026,Pakistan,254714.473,39.06774
PW,2026,Palau,18.031,83.64688
PA,2026,Panama,4644.204,70.65239
PA,2026,"Panama, excluding Canal Zone",,
PG,2026,Papua New Guinea,10886.097,14.24452
PY,2026,Paraguay,7113.876,64.19507
PE,2026,Peru,35351.784,79.58872
PH,2026,Philippines,122610.193,49.31814
PL,2026,Poland,39242.577,60.62988
PT,2026,Portugal,10172.106,69.43575
QA,2026,Qatar,2776.99,99.44404
RO,2026,Romania,19291.945,55.36891
RU,2026,Russian Federation,143065.413,76.01647
RW,2026,Rwanda,15061.867,18.51544
BL,2026,Saint Barthélemy,11.067,98.5912
SH,2026,Saint Helena,5.133,41.39962
KN,2026,Saint Kitts and Nevis,48.016,31.53465
LC,2026,Saint Lucia,181.787,19.60912
MF,2026,Saint Martin (French part),32.797,98.5912
PM,2026,Saint Pierre and Miquelon,5.757,90.23554
VC,2026,Saint Vincent and the Grenadines,103.952,55.58051
WS,2026,Samoa,235.495,17.30144
SM,2026,San Marino,33.559,98.1052
ST,2026,Sao Tome and Principe,245.664,78.14007
SA,2026,Saudi Arabia,38494.876,85.61072
SN,2026,Senegal,19161.05,51.10522
RS,2026,Serbia,8689.678,57.93917
SC,2026,Seychelles,109.397,60.08198
SL,2026,Sierra Leone,9353.15,45.76577
SG,2026,Singapore,6125.154,100.0
SX,2026,Sint Maarten (Dutch part),44.513,100.0
SK,2026,Slovakia,5595.797,54.5492
SI,2026,Slovenia,2116.129,57.17846
SB,2026,Solomon Islands,789.449,27.37959
SO,2026,Somalia,19867.185,49.72204
ZA,2026,South Africa,62305.039,70.24195
SS,2026,South Sudan,11676.686,22.34382
ES,2026,Spain,47360.679,82.30385
LK,2026,Sri Lanka,22046.386,19.88658
PS,2026,State of Palestine,5746.618,78.47714
SD,2026,Sudan,51878.825,37.6417
SD,2026,Sudan (...2011),,
SR,2026,Suriname,639.523,66.82744
SE,2026,Sweden,10792.212,89.43242
"['LI', 'CH']",2026,"Switzerland, Liechtenstein",8996.396,74.35146
LI,2026,Liechtenstein,40.272,14.92075
CH,2026,Switzerland,8956.124,74.61869
SY,2026,Syrian Arab Republic,26436.176,59.29538
TJ,2026,Tajikistan,10699.866,29.17307
TZ,2026,"Tanzania, United Republic of",73462.459,39.58511
TH,2026,Thailand,72005.72,55.72052
TL,2026,Timor-Leste,1418.535,33.62169
TG,2026,Togo,9682.133,46.22577
TK,2026,Tokelau,1.952,0.0
TO,2026,Tonga,110.504,23.35411
TT,2026,Trinidad and Tobago,1543.223,53.87967
TN,2026,Tunisia,12761.929,71.56531
TR,2026,Türkiye,87132.333,78.7205
TM,2026,Turkmenistan,6752.978,55.60268
TC,2026,Turks and Caicos Islands,47.16,94.7686
TV,2026,Tuvalu,11.641,68.22315
UG,2026,Uganda,52667.779,28.64026
UA,2026,Ukraine,39093.309,70.70268
AE,2026,United Arab Emirates,9737.048,88.44574
GB,2026,United Kingdom,68658.251,85.18204
IM,2026,Isle of Man,85.251,54.20872
"['IM', 'GB']",2026,United Kingdom excl. Channel Islands and Isle of Man,68393.799,85.36129
US,2026,United States of America,348740.718,84.05055
"['PR', 'US']",2026,United States of America including Puerto Rico,348644.146,84.04711
PR,2026,Puerto Rico,3279.209,93.74351
US,2026,United States of America excluding Puerto Rico and United States Virgin Islands,345364.937,83.95505
VI,2026,United States Virgin Islands,96.572,96.47527
UY,2026,Uruguay,3423.599,96.00809
UZ,2026,Uzbekistan,36622.074,50.89628
VU,2026,Vanuatu,358.162,26.52101
VE,2026,Venezuela (Bolivarian Rep. of),30419.164,88.65815
VN,2026,Viet Nam,100679.892,41.62202
WF,2026,Wallis and Futuna Islands,11.348,0.0
EH,2026,Western Sahara,620.284,87.37615
YE,2026,Yemen,36781.795,41.77271
YE,2026,"Yemen, Democratic",,
ZM,2026,Zambia,22285.947,48.08668
ZW,2026,Zimbabwe,17731.592,33.06741
ZA,2026,Southern Africa,71499.972,67.85863
"['AU', 'NZ']",2026,"Europe, Northern America, Australia and New Zealand",1164927.255,79.17085
HT,2026,LDCs: Islands and Haiti,15654.554,56.1752
AF,2027,Afghanistan,46827.624,28.35503
AL,2027,Albania,2811.11,67.5498
DZ,2027,Algeria,48130.008,77.09513
AS,2027,American Samoa,42.384,87.49691
AD,2027,Andorra,80.998,87.73134
AO,2027,Angola,41274.799,70.97591
AI,2027,Anguilla,16.018,100.0
AG,2027,Antigua and Barbuda,96.266,24.4733
AR,2027,Argentina,46885.957,92.91876
AM,2027,Armenia,2772.323,64.63712
AW,2027,Aruba,105.689,45.23564
AU,2027,Australia,27467.171,87.17177
AT,2027,Austria,9023.827,60.76674
AZ,2027,Azerbaijan,10595.099,59.33509
BS,2027,Bahamas,422.785,84.21809
BH,2027,Bahrain,1537.124,90.41354
BD,2027,Bangladesh,179751.964,43.46578
BB,2027,Barbados,282.962,32.055
BY,2027,Belarus,9330.247,82.24513
BE,2027,Belgium,11798.879,98.32338
BZ,2027,Belize,433.836,47.6332
BJ,2027,Benin,15216.009,52.39345
BM,2027,Bermuda,63.416,100.0
BT,2027,Bhutan,807.152,46.86191
BO,2027,Bolivia (Plurinational State of),13102.178,72.62843
BQ,2027,"Bonaire, Sint Eustatius and Saba",27.62,75.9542
BA,2027,Bosnia and Herzegovina,3154.834,52.09215
BW,2027,Botswana,2848.644,75.24104
BR,2027,Brazil,221002.333,88.66863
VG,2027,British Virgin Islands,32.406,51.47084
BN,2027,Brunei Darussalam,465.048,80.28503
BG,2027,Bulgaria,6456.605,78.03996
BF,2027,Burkina Faso,25650.897,35.12863
BI,2027,Burundi,14673.012,16.33968
CV,2027,Cabo Verde,621.716,69.66176
KH,2027,Cambodia,17621.659,27.49034
CM,2027,Cameroon,31686.36,61.59399
CA,2027,Canada,40071.427,82.39044
KY,2027,Cayman Islands,71.492,100.0
CF,2027,Central African Republic,6483.409,45.8012
TD,2027,Chad,20610.497,25.79919
CL,2027,Chile,19768.916,88.45803
CN,2027,China,1421809.059,68.24585
HK,2027,"China, Hong Kong SAR",7500.208,100.0
MO,2027,"China, Macao SAR",739.126,100.0
"['CN', 'TW']",2027,"China, Taiwan Province of",24009.993,81.44692
CO,2027,Colombia,53213.06,83.51358
KM,2027,Comoros,913.809,31.38632
CG,2027,Congo,6668.564,70.97261
CD,2027,"Congo, Dem. Rep. of the",116225.955,49.90485
CK,2027,Cook Islands,17.172,77.11602
CR,2027,Costa Rica,5344.137,84.60839
CI,2027,Côte d'Ivoire,31857.148,55.16256
HR,2027,Croatia,3919.328,60.13968
CU,2027,Cuba,11103.138,78.12913
CW,2027,Curaçao,195.525,89.13177
CY,2027,Cyprus,946.309,67.4872
CZ,2027,Czechia,10516.793,75.35977
CZ,2027,Czechoslovakia,,
DK,2027,Denmark,6024.988,89.02873
DJ,2027,Djibouti,1200.065,79.31783
DM,2027,Dominica,74.264,73.23295
DO,2027,Dominican Republic,11719.851,86.51425
EC,2027,Ecuador,18936.525,65.82182
EG,2027,Egypt,119838.003,43.89524
SV,2027,El Salvador,6481.92,77.66979
GQ,2027,Equatorial Guinea,1876.96,76.08845
ER,2027,Eritrea,4040.638,45.84959
EE,2027,Estonia,1305.538,70.68854
SZ,2027,Eswatini,1261.28,25.73379
ET,2027,Ethiopia,139439.745,25.22227
ET,2027,Ethiopia (...1991),,
FK,2027,Falkland Islands (Malvinas),3.84,81.08384
FO,2027,Faroe Islands,53.982,43.93476
FJ,2027,Fiji,964.494,60.60074
FI,2027,Finland,5560.463,86.20743
FR,2027,France,67761.45,83.05298
FR,2027,"France, metropolitan",65232.615,82.84604
GF,2027,French Guiana,342.989,87.37233
GP,2027,Guadeloupe,397.997,98.60897
MQ,2027,Martinique,364.553,89.72478
YT,2027,Mayotte,376.3,45.39666
MC,2027,Monaco,35.908,100.0
RE,2027,Réunion,1011.088,99.82326
PF,2027,French Polynesia,318.455,62.89392
GA,2027,Gabon,2629.579,92.04612
GM,2027,Gambia,3051.307,66.83888
GE,2027,Georgia,3690.825,62.49783
DE,2027,Germany,83058.838,78.35911
DE,2027,"Germany, Federal Republic of",,
GH,2027,Ghana,36767.488,61.65856
GI,2027,Gibraltar,32.778,100.0
GR,2027,Greece,10182.867,81.89621
GL,2027,Greenland,57.089,88.7454
GD,2027,Grenada,128.786,37.99158
GU,2027,Guam,177.508,95.45465
GT,2027,Guatemala,19189.498,54.93687
GN,2027,Guinea,15568.76,39.89734
GW,2027,Guinea-Bissau,2339.677,47.18449
GY,2027,Guyana,835.082,27.86602
HT,2027,Haiti,12290.342,62.79301
VA,2027,Holy See,0.54,100.0
HN,2027,Honduras,11249.392,62.59526
HU,2027,Hungary,9741.316,74.14645
IS,2027,Iceland,384.427,94.2593
IN,2027,India,1479578.522,38.45158
ID,2027,Indonesia,286233.232,61.05618
ID,2027,Indonesia (...2002),,
IR,2027,Iran (Islamic Republic of),91506.852,78.95798
IQ,2027,Iraq,49623.459,72.67068
IE,2027,Ireland,5181.143,65.70869
IL,2027,Israel,9723.035,93.23041
IT,2027,Italy,58145.107,73.26974
JM,2027,Jamaica,2817.93,58.997
JP,2027,Japan,120600.599,92.41347
JO,2027,Jordan,11604.646,92.72387
KZ,2027,Kazakhstan,20494.584,59.12286
KE,2027,Kenya,59604.431,31.69506
KI,2027,Kiribati,142.356,60.39263
KP,2027,"Korea, Dem. People's Rep. of",26446.694,64.4747
KR,2027,"Korea, Republic of",51561.768,81.7112
KW,2027,Kuwait,4459.526,100.0
KG,2027,Kyrgyzstan,7143.047,39.41534
LA,2027,Lao People's Dem. Rep.,8037.043,40.89336
LV,2027,Latvia,1753.619,69.3229
LB,2027,Lebanon,4897.736,90.11319
LS,2027,Lesotho,2430.72,32.40449
LR,2027,Liberia,5902.858,55.65715
LY,2027,Libya,7183.416,82.786
LT,2027,Lithuania,2622.934,69.73492
LU,2027,Luxembourg,680.226,92.77576
MG,2027,Madagascar,33299.316,43.24719
MW,2027,Malawi,23176.271,19.65754
MY,2027,Malaysia,35718.158,80.56151
MV,2027,Maldives,512.284,43.72315
ML,2027,Mali,26292.781,49.10985
MT,2027,Malta,540.956,95.2014
MH,2027,Marshall Islands,43.594,80.17459
MR,2027,Mauritania,5403.2,60.63682
MU,2027,Mauritius,1304.905,41.30246
MX,2027,Mexico,132061.171,82.69128
FM,2027,Micronesia (Federated States of),119.544,24.16724
MD,2027,"Moldova, Republic of",3193.756,44.43385
MN,2027,Mongolia,3620.933,69.87355
ME,2027,Montenegro,624.343,69.85552
MS,2027,Montserrat,4.343,9.55046
MA,2027,Morocco,39259.527,67.18006
MZ,2027,Mozambique,37831.124,41.07648
MM,2027,Myanmar,56041.605,33.6497
NA,2027,Namibia,2778.608,58.3844
NR,2027,Nauru,13.141,100.0
NP,2027,Nepal,32228.53,23.81292
NL,2027,Netherlands (Kingdom of the),17818.839,94.16894
NC,2027,New Caledonia,304.499,74.22689
NZ,2027,New Zealand,5388.806,87.44125
NI,2027,Nicaragua,7422.45,61.15276
NE,2027,Niger,31572.965,17.87545
NG,2027,Nigeria,245599.161,57.18146
NU,2027,Niue,1.942,50.75896
MK,2027,North Macedonia,2080.144,61.19748
MP,2027,Northern Mariana Islands,50.668,92.46009
NO,2027,Norway,5633.425,85.23634
OM,2027,Oman,4909.747,90.51487
PK,2027,Pakistan,259516.159,39.44484
PW,2027,Palau,18.011,84.01991
PA,2027,Panama,4700.639,71.0403
PA,2027,"Panama, excluding Canal Zone",,
PG,2027,Papua New Guinea,11069.871,14.45226
PY,2027,Paraguay,7194.655,64.56019
PE,2027,Peru,35690.3,79.81981
PH,2027,Philippines,124343.503,49.69501
PL,2027,Poland,39047.654,60.81888
PT,2027,Portugal,10145.53,69.93035
QA,2027,Qatar,2796.538,99.46905
RO,2027,Romania,19208.482,55.64898
RU,2027,Russian Federation,142662.574,76.26765
RW,2027,Rwanda,15387.84,18.76121
BL,2027,Saint Barthélemy,11.084,98.60897
SH,2027,Saint Helena,5.072,41.69603
KN,2027,Saint Kitts and Nevis,48.086,31.72376
LC,2027,Saint Lucia,182.236,19.77859
MF,2027,Saint Martin (French part),32.998,98.60897
PM,2027,Saint Pierre and Miquelon,5.729,90.30348
VC,2027,Saint Vincent and the Grenadines,104.062,56.00972
WS,2027,Samoa,238.761,17.27021
SM,2027,San Marino,33.534,98.17934
ST,2027,Sao Tome and Principe,250.413,78.65659
SA,2027,Saudi Arabia,38995.485,85.82958
SN,2027,Senegal,19641.034,51.62827
RS,2027,Serbia,8650.198,58.24901
SC,2027,Seychelles,109.913,60.50022
SL,2027,Sierra Leone,9540.988,46.27306
SG,2027,Singapore,6159.44,100.0
SX,2027,Sint Maarten (Dutch part),44.627,100.0
SK,2027,Slovakia,5578.672,54.77991
SI,2027,Slovenia,2114.109,57.56805
SB,2027,Solomon Islands,805.947,27.82
SO,2027,Somalia,20463.994,50.32618
ZA,2027,South Africa,62918.916,70.70596
SS,2027,South Sudan,11887.262,22.7626
ES,2027,Spain,47296.155,82.55563
LK,2027,Sri Lanka,22087.51,20.15338
PS,2027,State of Palestine,5873.269,78.78119
SD,2027,Sudan,53150.426,38.12215
SD,2027,Sudan (...2011),,
SR,2027,Suriname,644.697,66.99977
SE,2027,Sweden,10848.755,89.65038
"['LI', 'CH']",2027,"Switzerland, Liechtenstein",9046.437,74.5182
LI,2027,Liechtenstein,40.477,15.04579
CH,2027,Switzerland,9005.96,74.78549
SY,2027,Syrian Arab Republic,27369.725,59.91203
TJ,2027,Tajikistan,10880.747,29.53458
TZ,2027,"Tanzania, United Republic of",75526.304,40.30609
TH,2027,Thailand,72043.3,56.4087
TL,2027,Timor-Leste,1437.87,34.01617
TG,2027,Togo,9896.486,46.81339
TK,2027,Tokelau,1.972,0.0
TO,2027,Tonga,111.401,23.44914
TT,2027,Trinidad and Tobago,1545.029,54.07426
TN,2027,Tunisia,12853.207,71.91442
TR,2027,Türkiye,87569.007,79.11792
TM,2027,Turkmenistan,6826.38,56.15839
TC,2027,Turks and Caicos Islands,47.519,94.91871
TV,2027,Tuvalu,11.707,68.82601
UG,2027,Uganda,54074.276,29.27281
UA,2027,Ukraine,39045.383,70.9311
AE,2027,United Arab Emirates,9806.692,88.65447
GB,2027,United Kingdom,68866.672,85.41603
IM,2027,Isle of Man,85.403,54.48318
"['IM', 'GB']",2027,United Kingdom excl. Channel Islands and Isle of Man,68600.792,85.59599
US,2027,United States of America,350474.221,84.27159
"['PR', 'US']",2027,United States of America including Puerto Rico,350378.418,84.26823
PR,2027,Puerto Rico,3280.157,93.79243
US,2027,United States of America excluding Puerto Rico and United States Virgin Islands,347098.261,84.17823
VI,2027,United States Virgin Islands,95.803,96.55079
UY,2027,Uruguay,3423.688,96.08339
UZ,2027,Uzbekistan,37064.74,51.07297
VU,2027,Vanuatu,366.23,26.72365
VE,2027,Venezuela (Bolivarian Rep. of),30871.303,88.74444
VN,2027,Viet Nam,101228.069,42.33369
WF,2027,Wallis and Futuna Islands,11.308,0.0
EH,2027,Western Sahara,631.051,87.48347
YE,2027,Yemen,37565.099,42.42093
YE,2027,"Yemen, Democratic",,
ZM,2027,Zambia,22874.132,48.67933
ZW,2027,Zimbabwe,18090.446,33.31265
ZA,2027,Southern Africa,72238.168,68.33684
"['AU', 'NZ']",2027,"Europe, Northern America, Australia and New Zealand",1166492.623,79.42762
HT,2027,LDCs: Islands and Haiti,15852.444,56.82787
AF,2028,Afghanistan,47990.912,28.75006
AL,2028,Albania,2804.771,68.22045
DZ,2028,Algeria,48700.234,77.51422
AS,2028,American Samoa,41.978,87.58907
AD,2028,Andorra,81.187,87.74812
AO,2028,Angola,42468.711,71.51323
AI,2028,Anguilla,16.032,100.0
AG,2028,Antigua and Barbuda,96.701,24.5577
AR,2028,Argentina,47154.446,93.03
AM,2028,Armenia,2768.742,64.9188
AW,2028,Aruba,105.461,45.52398
AU,2028,Australia,27717.005,87.3191
AT,2028,Austria,9036.044,61.10894
AZ,2028,Azerbaijan,10635.058,59.80526
BS,2028,Bahamas,425.211,84.38091
BH,2028,Bahrain,1549.71,90.5536
BD,2028,Bangladesh,181356.085,44.19689
BB,2028,Barbados,283.071,32.27059
BY,2028,Belarus,9289.331,82.5983
BE,2028,Belgium,11824.728,98.35489
BZ,2028,Belize,439.438,47.93379
BJ,2028,Benin,15603.721,52.97322
BM,2028,Bermuda,63.218,100.0
BT,2028,Bhutan,811.997,47.45156
BO,2028,Bolivia (Plurinational State of),13278.039,72.99196
BQ,2028,"Bonaire, Sint Eustatius and Saba",27.718,76.12852
BA,2028,Bosnia and Herzegovina,3140.867,52.57463
BW,2028,Botswana,2890.377,75.78656
BR,2028,Brazil,222022.547,88.87637
VG,2028,British Virgin Islands,32.608,51.91127
BN,2028,Brunei Darussalam,467.894,80.55847
BG,2028,Bulgaria,6401.541,78.3715
BF,2028,Burkina Faso,26267.784,35.78873
BI,2028,Burundi,15043.647,16.75037
CV,2028,Cabo Verde,627.467,70.06488
KH,2028,Cambodia,17779.074,27.9951
CM,2028,Cameroon,32466.454,62.15019
CA,2028,Canada,40385.878,82.54453
KY,2028,Cayman Islands,71.98,100.0
CF,2028,Central African Republic,6685.708,46.39853
TD,2028,Chad,21217.718,26.21463
CL,2028,Chile,19815.709,88.58079
CN,2028,China,1420045.58,69.07433
HK,2028,"China, Hong Kong SAR",7497.463,100.0
MO,2028,"China, Macao SAR",747.446,100.0
"['CN', 'TW']",2028,"China, Taiwan Province of",24021.443,81.7742
CO,2028,Colombia,53527.052,83.78921
KM,2028,Comoros,929.073,31.74633
CG,2028,Congo,6814.649,71.41202
CD,2028,"Congo, Dem. Rep. of the",119929.158,50.52501
CK,2028,Cook Islands,17.204,77.35775
CR,2028,Costa Rica,5374.6,85.02895
CI,2028,Côte d'Ivoire,32630.38,55.68002
HR,2028,Croatia,3896.47,60.56496
CU,2028,Cuba,11075.736,78.30913
CW,2028,Curaçao,196.322,89.18694
CY,2028,Cyprus,953.107,67.66134
CZ,2028,Czechia,10517.691,75.58764
CZ,2028,Czechoslovakia,,
DK,2028,Denmark,6052.267,89.16624
DJ,2028,Djibouti,1215.879,79.52801
DM,2028,Dominica,74.527,73.54033
DO,2028,Dominican Republic,11809.986,86.95731
EC,2028,Ecuador,19122.047,66.1125
EG,2028,Egypt,121611.091,44.16098
SV,2028,El Salvador,6507.533,78.1846
GQ,2028,Equatorial Guinea,1917.711,76.47176
ER,2028,Eritrea,4119.757,46.49602
EE,2028,Estonia,1300.424,70.92577
SZ,2028,Eswatini,1275.188,25.99167
ET,2028,Ethiopia,142715.864,25.75889
ET,2028,Ethiopia (...1991),,
FK,2028,Falkland Islands (Malvinas),3.85,81.40566
FO,2028,Faroe Islands,54.175,44.20245
FJ,2028,Fiji,971.841,61.06051
FI,2028,Finland,5562.88,86.33163
FR,2028,France,67894.048,83.30803
FR,2028,"France, metropolitan",65340.179,83.11248
GF,2028,French Guiana,350.829,87.56694
GP,2028,Guadeloupe,398.584,98.62732
MQ,2028,Martinique,363.885,89.83989
YT,2028,Mayotte,386.588,45.4769
MC,2028,Monaco,35.877,100.0
RE,2028,Réunion,1018.106,99.83489
PF,2028,French Polynesia,320.673,63.0785
GA,2028,Gabon,2677.79,92.26438
GM,2028,Gambia,3121.685,67.40234
GE,2028,Georgia,3680.347,62.95176
DE,2028,Germany,82971.793,78.53809
DE,2028,"Germany, Federal Republic of",,
GH,2028,Ghana,37435.099,62.24428
GI,2028,Gibraltar,32.786,100.0
GR,2028,Greece,10142.119,82.19217
GL,2028,Greenland,57.134,88.9331
GD,2028,Grenada,129.341,38.26721
GU,2028,Guam,178.605,95.52435
GT,2028,Guatemala,19462.401,55.42266
GN,2028,Guinea,15918.453,40.3859
GW,2028,Guinea-Bissau,2387.792,47.61809
GY,2028,Guyana,839.668,28.07932
HT,2028,Haiti,12428.585,63.52433
VA,2028,Holy See,0.547,100.0
HN,2028,Honduras,11409.647,63.17356
HU,2028,Hungary,9706.442,74.47543
IS,2028,Iceland,386.498,94.3179
IN,2028,India,1491671.049,39.00352
ID,2028,Indonesia,288260.632,61.65902
ID,2028,Indonesia (...2002),,
IR,2028,Iran (Islamic Republic of),92005.102,79.35798
IQ,2028,Iraq,50671.593,72.96046
IE,2028,Ireland,5210.188,66.04616
IL,2028,Israel,9860.161,93.32774
IT,2028,Italy,57950.037,73.60196
JM,2028,Jamaica,2814.231,59.43517
JP,2028,Japan,119912.238,92.50922
JO,2028,Jordan,11704.094,92.88407
KZ,2028,Kazakhstan,20707.376,59.40527
KE,2028,Kenya,60762.923,32.26323
KI,2028,Kiribati,144.502,61.004
KP,2028,"Korea, Dem. People's Rep. of",26497.102,64.82231
KR,2028,"Korea, Republic of",51482.23,81.81025
KW,2028,Kuwait,4494.733,100.0
KG,2028,Kyrgyzstan,7241.167,39.88286
LA,2028,Lao People's Dem. Rep.,8133.739,41.55876
LV,2028,Latvia,1735.806,69.51658
LB,2028,Lebanon,4824.807,90.27932
LS,2028,Lesotho,2454.823,32.92674
LR,2028,Liberia,6028.036,56.19851
LY,2028,Libya,7254.484,83.07139
LT,2028,Lithuania,2601.223,70.02469
LU,2028,Luxembourg,685.968,92.92858
MG,2028,Madagascar,34061.942,43.91493
MW,2028,Malawi,23758.548,20.04766
MY,2028,Malaysia,36050.662,80.98427
MV,2028,Maldives,511.718,44.16345
ML,2028,Mali,27083.625,49.81424
MT,2028,Malta,541.996,95.26592
MH,2028,Marshall Islands,43.978,80.47902
MR,2028,Mauritania,5543.997,61.32932
MU,2028,Mauritius,1305.373,41.46392
MX,2028,Mexico,132903.856,82.96356
FM,2028,Micronesia (Federated States of),120.617,24.40037
MD,2028,"Moldova, Republic of",3185.847,44.76382
MN,2028,Mongolia,3660.164,70.1057
ME,2028,Montenegro,623.549,70.19347
MS,2028,Montserrat,4.332,9.639
MA,2028,Morocco,39590.353,67.68252
MZ,2028,Mozambique,38849.522,41.6709
MM,2028,Myanmar,56372.008,34.07855
NA,2028,Namibia,2822.568,59.20085
NR,2028,Nauru,13.213,100.0
NP,2028,Nepal,32540.486,24.31536
NL,2028,Netherlands (Kingdom of the),17863.75,94.37654
NC,2028,New Caledonia,307.233,74.58741
NZ,2028,New Zealand,5425.762,87.56788
NI,2028,Nicaragua,7512.564,61.51061
NE,2028,Niger,32753.299,18.12844
NG,2028,Nigeria,251201.204,57.86727
NU,2028,Niue,1.945,51.29596
MK,2028,North Macedonia,2078.115,61.69179
MP,2028,Northern Mariana Islands,50.859,92.55682
NO,2028,Norway,5672.292,85.52623
OM,2028,Oman,4972.087,90.94005
PK,2028,Pakistan,264344.407,39.8392
PW,2028,Palau,17.988,84.37885
PA,2028,Panama,4756.063,71.43164
PA,2028,"Panama, excluding Canal Zone",,
PG,2028,Papua New Guinea,11252.452,14.6778
PY,2028,Paraguay,7273.521,64.93317
PE,2028,Peru,36029.236,80.05495
PH,2028,Philippines,126062.041,50.08832
PL,2028,Poland,38923.845,61.03354
PT,2028,Portugal,10118.394,70.41701
QA,2028,Qatar,2816.02,99.49191
RO,2028,Romania,19144.537,55.95271
RU,2028,Russian Federation,142263.18,76.52961
RW,2028,Rwanda,15715.617,19.02676
BL,2028,Saint Barthélemy,11.097,98.62732
SH,2028,Saint Helena,5.013,42.01916
KN,2028,Saint Kitts and Nevis,48.148,31.9327
LC,2028,Saint Lucia,182.631,19.96112
MF,2028,Saint Martin (French part),33.181,98.62732
PM,2028,Saint Pierre and Miquelon,5.705,90.4033
VC,2028,Saint Vincent and the Grenadines,104.161,56.43899
WS,2028,Samoa,242.024,17.25763
SM,2028,San Marino,33.506,98.24983
ST,2028,Sao Tome and Principe,255.223,79.14368
SA,2028,Saudi Arabia,39492.45,86.04764
SN,2028,Senegal,20128.434,52.15804
RS,2028,Serbia,8609.293,58.57581
SC,2028,Seychelles,110.404,60.91707
SL,2028,Sierra Leone,9728.849,46.78947
SG,2028,Singapore,6192.172,100.0
SX,2028,Sint Maarten (Dutch part),44.74,100.0
SK,2028,Slovakia,5570.123,55.03866
SI,2028,Slovenia,2111.727,57.97031
SB,2028,Solomon Islands,822.593,28.25646
SO,2028,Somalia,21071.158,50.93149
ZA,2028,South Africa,63514.502,71.16458
SS,2028,South Sudan,12105.957,23.19982
ES,2028,Spain,47226.694,82.8078
LK,2028,Sri Lanka,22124.288,20.44175
PS,2028,State of Palestine,6000.743,79.08766
SD,2028,Sudan,54427.201,38.62623
SD,2028,Sudan (...2011),,
SR,2028,Suriname,649.746,67.18857
SE,2028,Sweden,10903.539,89.8618
"['LI', 'CH']",2028,"Switzerland, Liechtenstein",9094.531,74.69855
LI,2028,Liechtenstein,40.675,15.1854
CH,2028,Switzerland,9053.856,74.96591
SY,2028,Syrian Arab Republic,28245.013,60.52219
TJ,2028,Tajikistan,11060.158,29.92087
TZ,2028,"Tanzania, United Republic of",77619.828,41.02384
TH,2028,Thailand,72065.413,57.08822
TL,2028,Timor-Leste,1457.084,34.41366
TG,2028,Togo,10113.397,47.405
TK,2028,Tokelau,1.994,0.0
TO,2028,Tonga,112.305,23.5589
TT,2028,Trinidad and Tobago,1546.363,54.29261
TN,2028,Tunisia,12939.969,72.26751
TR,2028,Türkiye,88003.385,79.50468
TM,2028,Turkmenistan,6897.471,56.72393
TC,2028,Turks and Caicos Islands,47.862,95.06024
TV,2028,Tuvalu,11.779,69.40071
UG,2028,Uganda,55500.544,29.90945
UA,2028,Ukraine,38832.55,71.17207
AE,2028,United Arab Emirates,9874.281,88.85663
GB,2028,United Kingdom,69067.105,85.64757
IM,2028,Isle of Man,85.546,54.77211
"['IM', 'GB']",2028,United Kingdom excl. Channel Islands and Isle of Man,68799.832,85.82816
US,2028,United States of America,352177.862,84.49441
"['PR', 'US']",2028,United States of America including Puerto Rico,352082.846,84.49114
PR,2028,Puerto Rico,3277.996,93.84729
US,2028,United States of America excluding Puerto Rico and United States Virgin Islands,348804.85,84.40321
VI,2028,United States Virgin Islands,95.016,96.62096
UY,2028,Uruguay,3423.682,96.15683
UZ,2028,Uzbekistan,37491.898,51.27719
VU,2028,Vanuatu,374.415,26.93728
VE,2028,Venezuela (Bolivarian Rep. of),31289.368,88.83697
VN,2028,Viet Nam,101747.121,43.04338
WF,2028,Wallis and Futuna Islands,11.268,0.0
EH,2028,Western Sahara,641.691,87.59506
YE,2028,Yemen,38349.376,43.06838
YE,2028,"Yemen, Democratic",,
ZM,2028,Zambia,23469.301,49.27572
ZW,2028,Zimbabwe,18451.235,33.58925
ZA,2028,Southern Africa,72957.458,68.80868
"['AU', 'NZ']",2028,"Europe, Northern America, Australia and New Zealand",1167930.075,79.68815
HT,2028,LDCs: Islands and Haiti,16048.839,57.46405
AF,2029,Afghanistan,49158.072,29.16129
AL,2029,Albania,2797.599,68.86497
DZ,2029,Algeria,49251.258,77.91854
AS,2029,American Samoa,41.562,87.69061
AD,2029,Andorra,81.366,87.77421
AO,2029,Angola,43680.934,72.0367
AI,2029,Anguilla,16.044,100.0
AG,2029,Antigua and Barbuda,97.118,24.66268
AR,2029,Argentina,47418.599,93.14014
AM,2029,Armenia,2764.47,65.22269
AW,2029,Aruba,105.204,45.82952
AU,2029,Australia,27962.25,87.4696
AT,2029,Austria,9046.322,61.46394
AZ,2029,Azerbaijan,10673.545,60.28679
BS,2029,Bahamas,427.562,84.54916
BH,2029,Bahrain,1562.228,90.69182
BD,2029,Bangladesh,182915.579,44.91973
BB,2029,Barbados,283.112,32.50931
BY,2029,Belarus,9247.954,82.94166
BE,2029,Belgium,11849.632,98.38561
BZ,2029,Belize,444.964,48.25208
BJ,2029,Benin,15996.447,53.55481
BM,2029,Bermuda,63.017,100.0
BT,2029,Bhutan,816.78,48.02543
BO,2029,Bolivia (Plurinational State of),13452.352,73.35632
BQ,2029,"Bonaire, Sint Eustatius and Saba",27.819,76.31267
BA,2029,Bosnia and Herzegovina,3126.508,53.06733
BW,2029,Botswana,2931.568,76.31351
BR,2029,Brazil,222989.897,89.07932
VG,2029,British Virgin Islands,32.806,52.35068
BN,2029,Brunei Darussalam,470.649,80.82771
BG,2029,Bulgaria,6346.031,78.70137
BF,2029,Burkina Faso,26892.087,36.45109
BI,2029,Burundi,15419.302,17.16974
CV,2029,Cabo Verde,633.178,70.46156
KH,2029,Cambodia,17933.485,28.50966
CM,2029,Cameroon,33255.398,62.69989
CA,2029,Canada,40697.516,82.70699
KY,2029,Cayman Islands,72.438,100.0
CF,2029,Central African Republic,6892.981,47.01418
TD,2029,Chad,21833.626,26.65374
CL,2029,Chile,19869.597,88.70771
CN,2029,China,1417974.64,69.8675
HK,2029,"China, Hong Kong SAR",7492.674,100.0
MO,2029,"China, Macao SAR",755.534,100.0
"['CN', 'TW']",2029,"China, Taiwan Province of",24027.582,82.09403
CO,2029,Colombia,53833.603,84.05901
KM,2029,Comoros,944.275,32.12517
CG,2029,Congo,6963.56,71.84804
CD,2029,"Congo, Dem. Rep. of the",123716.492,51.14486
CK,2029,Cook Islands,17.231,77.59839
CR,2029,Costa Rica,5404.011,85.4218
CI,2029,Côte d'Ivoire,33415.862,56.20252
HR,2029,Croatia,3873.407,61.00314
CU,2029,Cuba,11046.696,78.50006
CW,2029,Curaçao,197.093,89.25343
CY,2029,Cyprus,959.646,67.85477
CZ,2029,Czechia,10517.076,75.8254
CZ,2029,Czechoslovakia,,
DK,2029,Denmark,6078.801,89.30526
DJ,2029,Djibouti,1231.575,79.74522
DM,2029,Dominica,74.77,73.84737
DO,2029,Dominican Republic,11897.57,87.37374
EC,2029,Ecuador,19305.626,66.41603
EG,2029,Egypt,123382.198,44.45349
SV,2029,El Salvador,6531.581,78.67869
GQ,2029,Equatorial Guinea,1958.618,76.84468
ER,2029,Eritrea,4200.711,47.14177
EE,2029,Estonia,1295.047,71.16985
SZ,2029,Eswatini,1289.962,26.2586
ET,2029,Ethiopia,146003.944,26.30336
ET,2029,Ethiopia (...1991),,
FK,2029,Falkland Islands (Malvinas),3.86,81.7219
FO,2029,Faroe Islands,54.377,44.48024
FJ,2029,Fiji,979.073,61.51518
FI,2029,Finland,5564.606,86.46174
FR,2029,France,68023.97,83.56236
FR,2029,"France, metropolitan",65445.007,83.37818
GF,2029,French Guiana,358.724,87.7551
GP,2029,Guadeloupe,399.168,98.6465
MQ,2029,Martinique,363.192,89.96239
YT,2029,Mayotte,396.998,45.58972
MC,2029,Monaco,35.862,100.0
RE,2029,Réunion,1025.019,99.84468
PF,2029,French Polynesia,322.807,63.27613
GA,2029,Gabon,2726.063,92.46967
GM,2029,Gambia,3192.412,67.9542
GE,2029,Georgia,3669.171,63.40959
DE,2029,Germany,82873.294,78.72876
DE,2029,"Germany, Federal Republic of",,
GH,2029,Ghana,38104.805,62.82164
GI,2029,Gibraltar,32.782,100.0
GR,2029,Greece,10101.028,82.48407
GL,2029,Greenland,57.156,89.11742
GD,2029,Grenada,129.87,38.56086
GU,2029,Guam,179.686,95.59268
GT,2029,Guatemala,19733.843,55.91825
GN,2029,Guinea,16269.856,40.8885
GW,2029,Guinea-Bissau,2436.201,48.05307
GY,2029,Guyana,843.99,28.30781
HT,2029,Haiti,12564.896,64.23421
VA,2029,Holy See,0.556,100.0
HN,2029,Honduras,11568.061,63.74438
HU,2029,Hungary,9675.328,74.80728
IS,2029,Iceland,388.471,94.37794
IN,2029,India,1503470.597,39.56706
ID,2029,Indonesia,290233.414,62.25407
ID,2029,Indonesia (...2002),,
IR,2029,Iran (Islamic Republic of),92475.363,79.74814
IQ,2029,Iraq,51730.76,73.25841
IE,2029,Ireland,5238.739,66.39379
IL,2029,Israel,9997.364,93.42613
IT,2029,Italy,57748.925,73.93695
JM,2029,Jamaica,2809.707,59.88595
JP,2029,Japan,119217.097,92.60611
JO,2029,Jordan,11813.211,93.03837
KZ,2029,Kazakhstan,20918.059,59.70588
KE,2029,Kenya,61929.863,32.84078
KI,2029,Kiribati,146.625,61.59555
KP,2029,"Korea, Dem. People's Rep. of",26537.87,65.18125
KR,2029,"Korea, Republic of",51392.505,81.923
KW,2029,Kuwait,4529.698,100.0
KG,2029,Kyrgyzstan,7338.473,40.37594
LA,2029,Lao People's Dem. Rep.,8228.567,42.22483
LV,2029,Latvia,1718.386,69.72227
LB,2029,Lebanon,4763.208,90.44299
LS,2029,Lesotho,2478.552,33.45876
LR,2029,Liberia,6154.516,56.74641
LY,2029,Libya,7324.828,83.353
LT,2029,Lithuania,2579.906,70.32579
LU,2029,Luxembourg,691.585,93.07347
MG,2029,Madagascar,34830.84,44.57934
MW,2029,Malawi,24347.875,20.457
MY,2029,Malaysia,36373.834,81.39226
MV,2029,Maldives,511.725,44.60444
ML,2029,Mali,27890.51,50.50702
MT,2029,Malta,542.824,95.33023
MH,2029,Marshall Islands,44.358,80.77725
MR,2029,Mauritania,5686.445,62.00448
MU,2029,Mauritius,1305.569,41.64654
MX,2029,Mexico,133729.252,83.23359
FM,2029,Micronesia (Federated States of),121.675,24.64768
MD,2029,"Moldova, Republic of",3180.733,45.1197
MN,2029,Mongolia,3698.535,70.35176
ME,2029,Montenegro,622.668,70.53121
MS,2029,Montserrat,4.319,9.74388
MA,2029,Morocco,39912.385,68.17973
MZ,2029,Mozambique,39880.166,42.27027
MM,2029,Myanmar,56687.802,34.52542
NA,2029,Namibia,2866.354,59.99335
NR,2029,Nauru,13.286,100.0
NP,2029,Nepal,32842.036,24.8277
NL,2029,Netherlands (Kingdom of the),17905.449,94.57018
NC,2029,New Caledonia,309.909,74.94163
NZ,2029,New Zealand,5461.373,87.6992
NI,2029,Nicaragua,7601.36,61.88071
NE,2029,Niger,33969.221,18.40144
NG,2029,Nigeria,256866.062,58.53671
NU,2029,Niue,1.948,51.92308
MK,2029,North Macedonia,2075.487,62.20972
MP,2029,Northern Mariana Islands,51.028,92.65495
NO,2029,Norway,5710.637,85.8083
OM,2029,Oman,5033.246,91.32993
PK,2029,Pakistan,269181.864,40.25084
PW,2029,Palau,17.955,84.71973
PA,2029,Panama,4810.535,71.82608
PA,2029,"Panama, excluding Canal Zone",,
PG,2029,Papua New Guinea,11434.334,14.92171
PY,2029,Paraguay,7350.459,65.31377
PE,2029,Peru,36367.136,80.29392
PH,2029,Philippines,127766.369,50.49793
PL,2029,Poland,38817.187,61.27362
PT,2029,Portugal,10090.603,70.89561
QA,2029,Qatar,2835.555,99.51276
RO,2029,Romania,19085.238,56.27987
RU,2029,Russian Federation,141854.94,76.80197
RW,2029,Rwanda,16045.268,19.31261
BL,2029,Saint Barthélemy,11.11,98.6465
SH,2029,Saint Helena,4.954,42.33458
KN,2029,Saint Kitts and Nevis,48.2,32.163
LC,2029,Saint Lucia,182.976,20.1562
MF,2029,Saint Martin (French part),33.348,98.6465
PM,2029,Saint Pierre and Miquelon,5.676,90.45601
VC,2029,Saint Vincent and the Grenadines,104.251,56.86619
WS,2029,Samoa,245.308,17.26336
SM,2029,San Marino,33.48,98.31659
ST,2029,Sao Tome and Principe,260.101,79.60183
SA,2029,Saudi Arabia,39980.836,86.2648
SN,2029,Senegal,20623.578,52.69424
RS,2029,Serbia,8567.007,58.91932
SC,2029,Seychelles,110.877,61.33156
SL,2029,Sierra Leone,9917.103,47.31479
SG,2029,Singapore,6223.066,100.0
SX,2029,Sint Maarten (Dutch part),44.85,100.0
SK,2029,Slovakia,5563.418,55.32524
SI,2029,Slovenia,2108.994,58.38487
SB,2029,Solomon Islands,839.363,28.68864
SO,2029,Somalia,21689.079,51.53761
ZA,2029,South Africa,64093.732,71.61763
SS,2029,South Sudan,12333.241,23.6558
ES,2029,Spain,47153.7,83.0602
LK,2029,Sri Lanka,22157.456,20.75224
PS,2029,State of Palestine,6128.606,79.39625
SD,2029,Sudan,55708.982,39.15383
SD,2029,Sudan (...2011),,
SR,2029,Suriname,654.678,67.39374
SE,2029,Sweden,10956.367,90.06684
"['LI', 'CH']",2029,"Switzerland, Liechtenstein",9140.625,74.89233
LI,2029,Liechtenstein,40.858,15.33569
CH,2029,Switzerland,9099.767,75.15974
SY,2029,Syrian Arab Republic,29067.596,61.12558
TJ,2029,Tajikistan,11239.983,30.33228
TZ,2029,"Tanzania, United Republic of",79739.837,41.73772
TH,2029,Thailand,72071.12,57.75874
TL,2029,Timor-Leste,1476.177,34.81403
TG,2029,Togo,10333.905,48.00028
TK,2029,Tokelau,2.021,0.0
TO,2029,Tonga,113.213,23.68318
TT,2029,Trinidad and Tobago,1547.228,54.53464
TN,2029,Tunisia,13022.396,72.62432
TR,2029,Türkiye,88438.2,79.88091
TM,2029,Turkmenistan,6966.778,57.298
TC,2029,Turks and Caicos Islands,48.202,95.18978
TV,2029,Tuvalu,11.852,69.95865
UG,2029,Uganda,56937.558,30.54972
UA,2029,Ukraine,38564.213,71.42533
AE,2029,United Arab Emirates,9940.085,89.05233
GB,2029,United Kingdom,69260.456,85.8766
IM,2029,Isle of Man,85.675,55.07667
"['IM', 'GB']",2029,United Kingdom excl. Channel Islands and Isle of Man,68991.815,86.05774
US,2029,United States of America,353859.207,84.7188
"['PR', 'US']",2029,United States of America including Puerto Rico,353764.988,84.71561
PR,2029,Puerto Rico,3271.656,93.90789
US,2029,United States of America excluding Puerto Rico and United States Virgin Islands,350493.332,84.62981
VI,2029,United States Virgin Islands,94.219,96.68809
UY,2029,Uruguay,3423.584,96.22851
UZ,2029,Uzbekistan,37907.251,51.50884
VU,2029,Vanuatu,382.716,27.16159
VE,2029,Venezuela (Bolivarian Rep. of),31675.964,88.93559
VN,2029,Viet Nam,102237.046,43.75056
WF,2029,Wallis and Futuna Islands,11.242,0.0
EH,2029,Western Sahara,652.244,87.71093
YE,2029,Yemen,39135.876,43.714
YE,2029,"Yemen, Democratic",,
ZM,2029,Zambia,24069.686,49.87543
ZW,2029,Zimbabwe,18814.068,33.89747
ZA,2029,Southern Africa,73660.168,69.27385
"['AU', 'NZ']",2029,"Europe, Northern America, Australia and New Zealand",1169251.563,79.95305
HT,2029,LDCs: Islands and Haiti,16243.289,58.08357
AF,2030,Afghanistan,50330.837,29.58893
AL,2030,Albania,2789.599,69.4836
DZ,2030,Algeria,49787.283,78.30825
AS,2030,American Samoa,41.142,87.80163
AD,2030,Andorra,81.528,87.81252
AO,2030,Angola,44911.664,72.54636
AI,2030,Anguilla,16.055,100.0
AG,2030,Antigua and Barbuda,97.51,24.7871
AR,2030,Argentina,47678.56,93.24918
AM,2030,Armenia,2759.528,65.54835
AW,2030,Aruba,104.924,46.1523
AU,2030,Australia,28202.414,87.62312
AT,2030,Austria,9054.576,61.83148
AZ,2030,Azerbaijan,10711.138,60.77914
BS,2030,Bahamas,429.846,84.72253
BH,2030,Bahrain,1574.679,90.82824
BD,2030,Bangladesh,184424.144,45.63354
BB,2030,Barbados,283.082,32.77197
BY,2030,Belarus,9206.17,83.27537
BE,2030,Belgium,11873.46,98.41559
BZ,2030,Belize,450.428,48.58791
BJ,2030,Benin,16393.827,54.13784
BM,2030,Bermuda,62.806,100.0
BT,2030,Bhutan,821.498,48.58306
BO,2030,Bolivia (Plurinational State of),13625.507,73.72129
BQ,2030,"Bonaire, Sint Eustatius and Saba",27.904,76.50865
BA,2030,Bosnia and Herzegovina,3111.789,53.56988
BW,2030,Botswana,2972.271,76.82219
BR,2030,Brazil,223908.968,89.27756
VG,2030,British Virgin Islands,32.995,52.78715
BN,2030,Brunei Darussalam,473.312,81.09262
BG,2030,Bulgaria,6290.166,79.02942
BF,2030,Burkina Faso,27523.563,37.11521
BI,2030,Burundi,15800.53,17.59775
CV,2030,Cabo Verde,638.84,70.85149
KH,2030,Cambodia,18084.248,29.03399
CM,2030,Cameroon,34051.103,63.24237
CA,2030,Canada,41008.596,82.87756
KY,2030,Cayman Islands,72.865,100.0
CF,2030,Central African Republic,7104.274,47.6457
TD,2030,Chad,22460.393,27.11687
CL,2030,Chile,19933.769,88.83862
CN,2030,China,1415605.906,70.62589
HK,2030,"China, Hong Kong SAR",7485.887,100.0
MO,2030,"China, Macao SAR",763.371,100.0
"['CN', 'TW']",2030,"China, Taiwan Province of",24027.999,82.40642
CO,2030,Colombia,54129.764,84.32281
KM,2030,Comoros,959.412,32.52299
CG,2030,Congo,7114.987,72.28031
CD,2030,"Congo, Dem. Rep. of the",127582.053,51.76184
CK,2030,Cook Islands,17.253,77.83999
CR,2030,Costa Rica,5432.243,85.78813
CI,2030,Côte d'Ivoire,34211.272,56.72972
HR,2030,Croatia,3850.14,61.45374
CU,2030,Cuba,11016.041,78.70167
CW,2030,Curaçao,197.829,89.33031
CY,2030,Cyprus,965.922,68.06725
CZ,2030,Czechia,10515.199,76.07274
CZ,2030,Czechoslovakia,,
DK,2030,Denmark,6104.474,89.44563
DJ,2030,Djibouti,1247.129,79.96937
DM,2030,Dominica,74.988,74.15489
DO,2030,Dominican Republic,11982.523,87.76487
EC,2030,Ecuador,19486.952,66.73212
EG,2030,Egypt,125151.725,44.77278
SV,2030,El Salvador,6554.224,79.15255
GQ,2030,Equatorial Guinea,1999.678,77.20733
ER,2030,Eritrea,4283.355,47.78627
EE,2030,Estonia,1289.441,71.42056
SZ,2030,Eswatini,1305.985,26.53467
ET,2030,Ethiopia,149296.378,26.85552
ET,2030,Ethiopia (...1991),,
FK,2030,Falkland Islands (Malvinas),3.869,82.01709
FO,2030,Faroe Islands,54.583,44.77116
FJ,2030,Fiji,986.172,61.96492
FI,2030,Finland,5565.475,86.59761
FR,2030,France,68147.584,83.81575
FR,2030,"France, metropolitan",65543.452,83.6429
GF,2030,French Guiana,366.669,87.93716
GP,2030,Guadeloupe,399.728,98.66593
MQ,2030,Martinique,362.472,90.09205
YT,2030,Mayotte,407.579,45.73528
MC,2030,Monaco,35.862,100.0
RE,2030,Réunion,1031.822,99.85297
PF,2030,French Polynesia,324.86,63.48644
GA,2030,Gabon,2774.523,92.66258
GM,2030,Gambia,3263.651,68.49437
GE,2030,Georgia,3657.494,63.87106
DE,2030,Germany,82762.675,78.93083
DE,2030,"Germany, Federal Republic of",,
GH,2030,Ghana,38775.85,63.39033
GI,2030,Gibraltar,32.771,100.0
GR,2030,Greece,10059.703,82.77185
GL,2030,Greenland,57.152,89.2972
GD,2030,Grenada,130.367,38.87113
GU,2030,Guam,180.746,95.66044
GT,2030,Guatemala,20003.638,56.42329
GN,2030,Guinea,16622.388,41.40501
GW,2030,Guinea-Bissau,2484.863,48.48924
GY,2030,Guyana,848.033,28.55177
HT,2030,Haiti,12700.006,64.92257
VA,2030,Holy See,0.561,100.0
HN,2030,Honduras,11724.522,64.30749
HU,2030,Hungary,9642.912,75.14176
IS,2030,Iceland,390.338,94.4397
IN,2030,India,1514994.08,40.14196
ID,2030,Indonesia,292150.1,62.84106
ID,2030,Indonesia (...2002),,
IR,2030,Iran (Islamic Republic of),92921.017,80.12858
IQ,2030,Iraq,52800.825,73.56423
IE,2030,Ireland,5266.881,66.75128
IL,2030,Israel,10134.951,93.52548
IT,2030,Italy,57544.258,74.27447
JM,2030,Jamaica,2804.356,60.34889
JP,2030,Japan,118514.802,92.70406
JO,2030,Jordan,11933.395,93.18697
KZ,2030,Kazakhstan,21128.221,60.02445
KE,2030,Kenya,63103.942,33.4274
KI,2030,Kiribati,148.72,62.16917
KP,2030,"Korea, Dem. People's Rep. of",26569.401,65.55121
KR,2030,"Korea, Republic of",51290.214,82.04923
KW,2030,Kuwait,4564.57,100.0
KG,2030,Kyrgyzstan,7435.378,40.89447
LA,2030,Lao People's Dem. Rep.,8321.287,42.89111
LV,2030,Latvia,1701.338,69.93982
LB,2030,Lebanon,4714.24,90.60416
LS,2030,Lesotho,2501.946,34.00052
LR,2030,Liberia,6282.074,57.30025
LY,2030,Libya,7394.813,83.63084
LT,2030,Lithuania,2558.928,70.63786
LU,2030,Luxembourg,697.086,93.21078
MG,2030,Madagascar,35604.443,45.23962
MW,2030,Malawi,24944.243,20.88597
MY,2030,Malaysia,36687.569,81.78584
MV,2030,Maldives,512.683,45.04617
ML,2030,Mali,28712.294,51.18747
MT,2030,Malta,543.425,95.39439
MH,2030,Marshall Islands,44.733,81.06554
MR,2030,Mauritania,5830.563,62.66209
MU,2030,Mauritius,1305.425,41.85048
MX,2030,Mexico,134534.107,83.50126
FM,2030,Micronesia (Federated States of),122.704,24.91101
MD,2030,"Moldova, Republic of",3174.727,45.50143
MN,2030,Mongolia,3736.327,70.61146
ME,2030,Montenegro,621.696,70.86867
MS,2030,Montserrat,4.301,9.8555
MA,2030,Morocco,40226.395,68.6715
MZ,2030,Mozambique,40920.707,42.8743
MM,2030,Myanmar,56987.625,34.9904
NA,2030,Namibia,2910.056,60.76162
NR,2030,Nauru,13.358,100.0
NP,2030,Nepal,33133.395,25.34982
NL,2030,Netherlands (Kingdom of the),17943.803,94.75076
NC,2030,New Caledonia,312.529,75.28916
NZ,2030,New Zealand,5495.67,87.83508
NI,2030,Nicaragua,7688.686,62.26281
NE,2030,Niger,35217.942,18.69501
NG,2030,Nigeria,262580.426,59.18936
NU,2030,Niue,1.948,52.44922
MK,2030,North Macedonia,2072.256,62.74877
MP,2030,Northern Mariana Islands,51.178,92.75385
NO,2030,Norway,5748.397,86.08266
OM,2030,Oman,5093.376,91.68713
PK,2030,Pakistan,274029.836,40.67977
PW,2030,Palau,17.919,85.04443
PA,2030,Panama,4864.126,72.22325
PA,2030,"Panama, excluding Canal Zone",,
PG,2030,Papua New Guinea,11615.322,15.18458
PY,2030,Paraguay,7425.448,65.70171
PE,2030,Peru,36702.393,80.53653
PH,2030,Philippines,129453.321,50.92364
PL,2030,Poland,38700.518,61.53888
PT,2030,Portugal,10062.183,71.36598
QA,2030,Qatar,2855.291,99.53179
RO,2030,Romania,19023.383,56.63021
RU,2030,Russian Federation,141432.741,77.08434
RW,2030,Rwanda,16375.704,19.61928
BL,2030,Saint Barthélemy,11.113,98.66593
SH,2030,Saint Helena,4.895,42.69115
KN,2030,Saint Kitts and Nevis,48.247,32.41589
LC,2030,Saint Lucia,183.274,20.36444
MF,2030,Saint Martin (French part),33.508,98.66593
PM,2030,Saint Pierre and Miquelon,5.651,90.59456
VC,2030,Saint Vincent and the Grenadines,104.322,57.2931
WS,2030,Samoa,248.627,17.28801
SM,2030,San Marino,33.458,98.37696
ST,2030,Sao Tome and Principe,265.036,80.03211
SA,2030,Saudi Arabia,40461.368,86.48094
SN,2030,Senegal,21125.872,53.23652
RS,2030,Serbia,8523.492,59.2793
SC,2030,Seychelles,111.317,61.74472
SL,2030,Sierra Leone,10105.188,47.84876
SG,2030,Singapore,6251.988,100.0
SX,2030,Sint Maarten (Dutch part),44.946,100.0
SK,2030,Slovakia,5555.114,55.63947
SI,2030,Slovenia,2105.945,58.81146
SB,2030,Solomon Islands,856.264,29.11597
SO,2030,Somalia,22316.857,52.14413
ZA,2030,South Africa,64659.278,72.06496
SS,2030,South Sudan,12570.402,24.13075
ES,2030,Spain,47076.573,83.31267
LK,2030,Sri Lanka,22186.97,21.08539
PS,2030,State of Palestine,6256.949,79.70663
SD,2030,Sudan,56997.099,39.70476
SD,2030,Sudan (...2011),,
SR,2030,Suriname,659.508,67.61506
SE,2030,Sweden,11007.228,90.26568
"['LI', 'CH']",2030,"Switzerland, Liechtenstein",9184.728,75.09923
LI,2030,Liechtenstein,41.03,15.49929
CH,2030,Switzerland,9143.698,75.36667
SY,2030,Syrian Arab Republic,29824.735,61.72195
TJ,2030,Tajikistan,11421.43,30.7691
TZ,2030,"Tanzania, United Republic of",81885.304,42.44705
TH,2030,Thailand,72060.018,58.41992
TL,2030,Timor-Leste,1495.081,35.21731
TG,2030,Togo,10558.178,48.59889
TK,2030,Tokelau,2.046,0.0
TO,2030,Tonga,114.124,23.82388
TT,2030,Trinidad and Tobago,1547.69,54.80028
TN,2030,Tunisia,13100.768,72.98457
TR,2030,Türkiye,88879.698,80.24673
TM,2030,Turkmenistan,7034.758,57.87813
TC,2030,Turks and Caicos Islands,48.538,95.3116
TV,2030,Tuvalu,11.917,70.48587
UG,2030,Uganda,58380.262,31.19313
UA,2030,Ukraine,38295.429,71.69059
AE,2030,United Arab Emirates,10004.319,89.24167
GB,2030,United Kingdom,69445.756,86.10306
IM,2030,Isle of Man,85.798,55.39739
"['IM', 'GB']",2030,United Kingdom excl. Channel Islands and Isle of Man,69175.77,86.28468
US,2030,United States of America,355515.442,84.94452
"['PR', 'US']",2030,United States of America including Puerto Rico,355422.023,84.94142
PR,2030,Puerto Rico,3259.722,93.97406
US,2030,United States of America excluding Puerto Rico and United States Virgin Islands,352162.301,84.85781
VI,2030,United States Virgin Islands,93.419,96.75245
UY,2030,Uruguay,3423.372,96.29842
UZ,2030,Uzbekistan,38313.228,51.76785
VU,2030,Vanuatu,391.135,27.39721
VE,2030,Venezuela (Bolivarian Rep. of),32027.461,89.04014
VN,2030,Viet Nam,102699.905,44.45468
WF,2030,Wallis and Futuna Islands,11.229,0.0
EH,2030,Western Sahara,662.726,87.83099
YE,2030,Yemen,39923.245,44.3563
YE,2030,"Yemen, Democratic",,
ZM,2030,Zambia,24676.417,50.47801
ZW,2030,Zimbabwe,19179.393,34.23759
ZA,2030,Southern Africa,74349.536,69.73205
"['AU', 'NZ']",2030,"Europe, Northern America, Australia and New Zealand",1170456.14,80.22243
HT,2030,LDCs: Islands and Haiti,16436.436,58.68674
AF,2031,Afghanistan,51506.437,30.03314
AL,2031,Albania,2780.747,70.07662
DZ,2031,Algeria,50311.56,78.68345
AS,2031,American Samoa,40.715,87.92273
AD,2031,Andorra,81.674,87.85988
AO,2031,Angola,46161.755,73.04227
AI,2031,Anguilla,16.058,100.0
AG,2031,Antigua and Barbuda,97.871,24.93287
AR,2031,Argentina,47933.52,93.35711
AM,2031,Armenia,2753.925,65.89527
AW,2031,Aruba,104.612,46.49231
AU,2031,Australia,28437.615,87.7795
AT,2031,Austria,9060.869,62.21125
AZ,2031,Azerbaijan,10747.709,61.2817
BS,2031,Bahamas,432.055,84.90096
BH,2031,Bahrain,1587.097,90.96285
BD,2031,Bangladesh,185878.302,46.33755
BB,2031,Barbados,282.986,33.05879
BY,2031,Belarus,9164.135,83.59961
BE,2031,Belgium,11896.391,98.44482
BZ,2031,Belize,455.824,48.94157
BJ,2031,Benin,16795.573,54.72188
BM,2031,Bermuda,62.578,100.0
BT,2031,Bhutan,826.118,49.12431
BO,2031,Bolivia (Plurinational State of),13797.344,74.0867
BQ,2031,"Bonaire, Sint Eustatius and Saba",27.98,76.71623
BA,2031,Bosnia and Herzegovina,3096.667,54.08199
BW,2031,Botswana,3012.432,77.31293
BR,2031,Brazil,224778.256,89.47117
VG,2031,British Virgin Islands,33.176,53.22626
BN,2031,Brunei Darussalam,475.868,81.35331
BG,2031,Bulgaria,6234.059,79.35545
BF,2031,Burkina Faso,28160.684,37.78061
BI,2031,Burundi,16187.388,18.03426
CV,2031,Cabo Verde,644.431,71.23485
KH,2031,Cambodia,18231.391,29.56799
CM,2031,Cameroon,34852.73,63.77662
CA,2031,Canada,41319.872,83.056
KY,2031,Cayman Islands,73.263,100.0
CF,2031,Central African Republic,7318.809,48.28037
TD,2031,Chad,23097.491,27.60434
CL,2031,Chile,20007.762,88.97335
CN,2031,China,1412946.005,71.35009
HK,2031,"China, Hong Kong SAR",7476.879,100.0
MO,2031,"China, Macao SAR",770.958,100.0
"['CN', 'TW']",2031,"China, Taiwan Province of",24021.923,82.71145
CO,2031,Colombia,54413.737,84.58019
KM,2031,Comoros,974.457,32.92361
CG,2031,Congo,7268.403,72.70832
CD,2031,"Congo, Dem. Rep. of the",131523.203,52.38066
CK,2031,Cook Islands,17.286,78.08656
CR,2031,Costa Rica,5459.302,86.12907
CI,2031,Côte d'Ivoire,35016.385,57.26127
HR,2031,Croatia,3826.638,61.91634
CU,2031,Cuba,10983.569,78.91366
CW,2031,Curaçao,198.519,89.41836
CY,2031,Cyprus,971.919,68.29859
CZ,2031,Czechia,10512.538,76.32938
CZ,2031,Czechoslovakia,,
DK,2031,Denmark,6129.146,89.58726
DJ,2031,Djibouti,1262.554,80.20005
DM,2031,Dominica,75.178,74.46264
DO,2031,Dominican Republic,12065.051,88.13197
EC,2031,Ecuador,19665.584,67.06048
EG,2031,Egypt,126921.867,45.11882
SV,2031,El Salvador,6575.289,79.60669
GQ,2031,Equatorial Guinea,2040.834,77.56002
ER,2031,Eritrea,4367.625,48.42889
EE,2031,Estonia,1283.666,71.67778
SZ,2031,Eswatini,1323.254,26.81999
ET,2031,Ethiopia,152585.021,27.41516
ET,2031,Ethiopia (...1991),,
FK,2031,Falkland Islands (Malvinas),3.87,82.30058
FO,2031,Faroe Islands,54.804,45.07228
FJ,2031,Fiji,993.129,62.40941
FI,2031,Finland,5565.535,86.73906
FR,2031,France,68268.045,84.06794
FR,2031,"France, metropolitan",65638.631,83.90638
GF,2031,French Guiana,374.676,88.11299
GP,2031,Guadeloupe,400.25,98.68607
MQ,2031,Martinique,361.725,90.22808
YT,2031,Mayotte,418.361,45.91378
MC,2031,Monaco,35.879,100.0
RE,2031,Réunion,1038.523,99.8599
PF,2031,French Polynesia,326.834,63.7099
GA,2031,Gabon,2823.293,92.84381
GM,2031,Gambia,3335.153,69.02273
GE,2031,Georgia,3645.413,64.33583
DE,2031,Germany,82643.647,79.14397
DE,2031,"Germany, Federal Republic of",,
GH,2031,Ghana,39447.704,63.95001
GI,2031,Gibraltar,32.756,100.0
GR,2031,Greece,10018.532,83.05545
GL,2031,Greenland,57.12,89.47194
GD,2031,Grenada,130.833,39.19919
GU,2031,Guam,181.795,95.72674
GT,2031,Guatemala,20271.428,56.93734
GN,2031,Guinea,16976.053,41.93527
GW,2031,Guinea-Bissau,2533.716,48.92654
GY,2031,Guyana,851.765,28.8114
HT,2031,Haiti,12834.396,65.58937
VA,2031,Holy See,0.569,100.0
HN,2031,Honduras,11878.542,64.86264
HU,2031,Hungary,9609.082,75.4786
IS,2031,Iceland,392.103,94.50263
IN,2031,India,1526208.89,40.72789
ID,2031,Indonesia,294013.829,63.41974
ID,2031,Indonesia (...2002),,
IR,2031,Iran (Islamic Republic of),93343.543,80.49943
IQ,2031,Iraq,53879.499,73.8776
IE,2031,Ireland,5294.736,67.11833
IL,2031,Israel,10273.091,93.6257
IT,2031,Italy,57335.522,74.61431
JM,2031,Jamaica,2798.16,60.82355
JP,2031,Japan,117805.68,92.803
JO,2031,Jordan,12065.504,93.33007
KZ,2031,Kazakhstan,21337.806,60.36073
KE,2031,Kenya,64284.466,34.02273
KI,2031,Kiribati,150.776,62.72422
KP,2031,"Korea, Dem. People's Rep. of",26592.481,65.93184
KR,2031,"Korea, Republic of",51173.2,82.18869
KW,2031,Kuwait,4599.596,100.0
KG,2031,Kyrgyzstan,7532.492,41.43821
LA,2031,Lao People's Dem. Rep.,8411.762,43.5571
LV,2031,Latvia,1684.648,70.16903
LB,2031,Lebanon,4678.45,90.7629
LS,2031,Lesotho,2525.055,34.55191
LR,2031,Liberia,6410.627,57.85929
LY,2031,Libya,7464.206,83.90495
LT,2031,Lithuania,2538.213,70.96058
LU,2031,Luxembourg,702.458,93.34077
MG,2031,Madagascar,36382.789,45.89488
MW,2031,Malawi,25544.608,21.33491
MY,2031,Malaysia,36992.784,82.16533
MV,2031,Maldives,514.714,45.48852
ML,2031,Mali,29550.408,51.85483
MT,2031,Malta,543.793,95.45828
MH,2031,Marshall Islands,45.107,81.34582
MR,2031,Mauritania,5976.298,63.30194
MU,2031,Mauritius,1304.935,42.07556
MX,2031,Mexico,135318.243,83.76645
FM,2031,Micronesia (Federated States of),123.7,25.18946
MD,2031,"Moldova, Republic of",3167.853,45.90892
MN,2031,Mongolia,3773.768,70.88445
ME,2031,Montenegro,620.632,71.20547
MS,2031,Montserrat,4.287,9.9704
MA,2031,Morocco,40531.718,69.15765
MZ,2031,Mozambique,41972.677,43.48267
MM,2031,Myanmar,57270.951,35.47353
NA,2031,Namibia,2953.517,61.50548
NR,2031,Nauru,13.428,100.0
NP,2031,Nepal,33414.586,25.88157
NL,2031,Netherlands (Kingdom of the),17978.614,94.91908
NC,2031,New Caledonia,315.098,75.63061
NZ,2031,New Zealand,5528.743,87.97529
NI,2031,Nicaragua,7774.417,62.65656
NE,2031,Niger,36498.899,19.00971
NG,2031,Nigeria,268333.202,59.82481
NU,2031,Niue,1.949,52.97265
MK,2031,North Macedonia,2068.443,63.28663
MP,2031,Northern Mariana Islands,51.313,92.853
NO,2031,Norway,5785.507,86.34951
OM,2031,Oman,5152.792,92.01409
PK,2031,Pakistan,278894.997,41.12597
PW,2031,Palau,17.883,85.35091
PA,2031,Panama,4917.001,72.62274
PA,2031,"Panama, excluding Canal Zone",,
PG,2031,Papua New Guinea,11795.728,15.46702
PY,2031,Paraguay,7498.454,66.09668
PE,2031,Peru,37032.851,80.78257
PH,2031,Philippines,131122.947,51.36526
PL,2031,Poland,38573.935,61.82901
PT,2031,Portugal,10033.283,71.82798
QA,2031,Qatar,2875.39,99.54919
RO,2031,Romania,18959.017,57.00344
RU,2031,Russian Federation,141000.041,77.37628
RW,2031,Rwanda,16706.697,19.94733
BL,2031,Saint Barthélemy,11.109,98.68607
SH,2031,Saint Helena,4.833,43.07585
KN,2031,Saint Kitts and Nevis,48.282,32.69057
LC,2031,Saint Lucia,183.518,20.58554
MF,2031,Saint Martin (French part),33.658,98.68607
PM,2031,Saint Pierre and Miquelon,5.626,90.68054
VC,2031,Saint Vincent and the Grenadines,104.376,57.71957
WS,2031,Samoa,251.982,17.33147
SM,2031,San Marino,33.433,98.43165
ST,2031,Sao Tome and Principe,270.026,80.43575
SA,2031,Saudi Arabia,40933.778,86.69594
SN,2031,Senegal,21635.686,53.78452
RS,2031,Serbia,8478.853,59.65545
SC,2031,Seychelles,111.734,62.15616
SL,2031,Sierra Leone,10292.481,48.39113
SG,2031,Singapore,6278.864,100.0
SX,2031,Sint Maarten (Dutch part),45.022,100.0
SK,2031,Slovakia,5545.269,55.98105
SI,2031,Slovenia,2102.637,59.24977
SB,2031,Solomon Islands,873.346,29.53845
SO,2031,Somalia,22954.69,52.75066
ZA,2031,South Africa,65211.526,72.50637
SS,2031,South Sudan,12816.418,24.62485
ES,2031,Spain,46995.541,83.56505
LK,2031,Sri Lanka,22212.436,21.44178
PS,2031,State of Palestine,6385.896,80.01842
SD,2031,Sudan,58292.751,40.27871
SD,2031,Sudan (...2011),,
SR,2031,Suriname,664.205,67.85241
SE,2031,Sweden,11056.111,90.45848
"['LI', 'CH']",2031,"Switzerland, Liechtenstein",9226.758,75.31898
LI,2031,Liechtenstein,41.193,15.6754
CH,2031,Switzerland,9185.565,75.58645
SY,2031,Syrian Arab Republic,30512.875,62.31102
TJ,2031,Tajikistan,11604.659,31.23162
TZ,2031,"Tanzania, United Republic of",84062.352,43.15116
TH,2031,Thailand,72032.081,59.07143
TL,2031,Timor-Leste,1513.799,35.62344
TG,2031,Togo,10784.898,49.20043
TK,2031,Tokelau,2.067,0.0
TO,2031,Tonga,115.046,23.98019
TT,2031,Trinidad and Tobago,1547.804,55.08935
TN,2031,Tunisia,13175.516,73.34799
TR,2031,Türkiye,89331.813,80.60225
TM,2031,Turkmenistan,7101.681,58.4583
TC,2031,Turks and Caicos Islands,48.858,95.42312
TV,2031,Tuvalu,11.981,70.99064
UG,2031,Uganda,59824.141,31.83919
UA,2031,Ukraine,38026.437,71.96757
AE,2031,United Arab Emirates,10067.403,89.4247
GB,2031,United Kingdom,69623.035,86.32692
IM,2031,Isle of Man,85.916,55.73333
"['IM', 'GB']",2031,United Kingdom excl. Channel Islands and Isle of Man,69351.743,86.50894
US,2031,United States of America,357137.65,85.17138
"['PR', 'US']",2031,United States of America including Puerto Rico,357045.035,85.16836
PR,2031,Puerto Rico,3242.061,94.04561
US,2031,United States of America excluding Puerto Rico and United States Virgin Islands,353802.974,85.08701
VI,2031,United States Virgin Islands,92.615,96.81288
UY,2031,Uruguay,3423.001,96.36665
UZ,2031,Uzbekistan,38710.38,52.05408
VU,2031,Vanuatu,399.683,27.64387
VE,2031,Venezuela (Bolivarian Rep. of),32343.259,89.15044
VN,2031,Viet Nam,103133.107,45.15518
WF,2031,Wallis and Futuna Islands,11.22,0.0
EH,2031,Western Sahara,673.132,87.95487
YE,2031,Yemen,40710.798,44.9926
YE,2031,"Yemen, Democratic",,
ZM,2031,Zambia,25288.002,51.08294
ZW,2031,Zimbabwe,19547.971,34.60991
ZA,2031,Southern Africa,75025.784,70.18312
"['AU', 'NZ']",2031,"Europe, Northern America, Australia and New Zealand",1171547.495,80.49595
HT,2031,LDCs: Islands and Haiti,16628.781,59.27279
AF,2032,Afghanistan,52685.458,30.49407
AL,2032,Albania,2770.957,70.64419
DZ,2032,Algeria,50826.981,79.04417
AS,2032,American Samoa,40.28,88.05513
AD,2032,Andorra,81.799,87.91835
AO,2032,Angola,47428.242,73.52447
AI,2032,Anguilla,16.052,100.0
AG,2032,Antigua and Barbuda,98.2,25.0985
AR,2032,Argentina,48184.274,93.46391
AM,2032,Armenia,2747.753,66.263
AW,2032,Aruba,104.275,46.84876
AU,2032,Australia,28667.426,87.93859
AT,2032,Austria,9065.311,62.60293
AZ,2032,Azerbaijan,10783.334,61.79375
BS,2032,Bahamas,434.166,85.08427
BH,2032,Bahrain,1599.504,91.09567
BD,2032,Bangladesh,187281.026,47.03098
BB,2032,Barbados,282.815,33.36957
BY,2032,Belarus,9121.858,83.91457
BE,2032,Belgium,11918.379,98.47333
BZ,2032,Belize,461.151,49.3125
BJ,2032,Benin,17201.982,55.3065
BM,2032,Bermuda,62.344,100.0
BT,2032,Bhutan,830.618,49.64888
BO,2032,Bolivia (Plurinational State of),13967.882,74.45231
BQ,2032,"Bonaire, Sint Eustatius and Saba",28.058,76.93315
BA,2032,Bosnia and Herzegovina,3081.097,54.60329
BW,2032,Botswana,3052.105,77.78609
BR,2032,Brazil,225589.538,89.66023
VG,2032,British Virgin Islands,33.356,53.66353
BN,2032,Brunei Darussalam,478.322,81.60993
BG,2032,Bulgaria,6177.734,79.67929
BF,2032,Burkina Faso,28803.224,38.44672
BI,2032,Burundi,16580.035,18.47908
CV,2032,Cabo Verde,649.957,71.61157
KH,2032,Cambodia,18375.249,30.11158
CM,2032,Cameroon,35661.603,64.30075
CA,2032,Canada,41626.319,83.24205
KY,2032,Cayman Islands,73.636,100.0
CF,2032,Central African Republic,7535.935,48.91561
TD,2032,Chad,23742.563,28.11634
CL,2032,Chile,20088.39,89.11172
CN,2032,China,1410012.866,72.04073
HK,2032,"China, Hong Kong SAR",7465.577,100.0
MO,2032,"China, Macao SAR",778.28,100.0
"['CN', 'TW']",2032,"China, Taiwan Province of",24009.135,83.00915
CO,2032,Colombia,54684.075,84.83462
KM,2032,Comoros,989.461,33.32673
CG,2032,Congo,7423.724,73.13141
CD,2032,"Congo, Dem. Rep. of the",135538.81,52.99875
CK,2032,Cook Islands,17.318,78.33324
CR,2032,Costa Rica,5485.099,86.44571
CI,2032,Côte d'Ivoire,35831.986,57.79677
HR,2032,Croatia,3802.838,62.39038
CU,2032,Cuba,10949.207,79.1357
CW,2032,Curaçao,199.171,89.51633
CY,2032,Cyprus,977.637,68.54851
CZ,2032,Czechia,10509.58,76.59501
CZ,2032,Czechoslovakia,,
DK,2032,Denmark,6152.709,89.73005
DJ,2032,Djibouti,1277.807,80.43717
DM,2032,Dominica,75.338,74.76921
DO,2032,Dominican Republic,12145.326,88.47624
EC,2032,Ecuador,19840.908,67.40078
EG,2032,Egypt,128705.494,45.49158
SV,2032,El Salvador,6594.732,80.04157
GQ,2032,Equatorial Guinea,2081.992,77.90282
ER,2032,Eritrea,4453.047,49.06891
EE,2032,Estonia,1277.795,71.94146
SZ,2032,Eswatini,1341.503,27.11473
ET,2032,Ethiopia,155874.633,27.98208
ET,2032,Ethiopia (...1991),,
FK,2032,Falkland Islands (Malvinas),3.874,82.57446
FO,2032,Faroe Islands,55.038,45.38601
FJ,2032,Fiji,999.949,62.84876
FI,2032,Finland,5564.876,86.88585
FR,2032,France,68385.468,84.3186
FR,2032,"France, metropolitan",65730.716,84.1683
GF,2032,French Guiana,382.754,88.28307
GP,2032,Guadeloupe,400.712,98.7066
MQ,2032,Martinique,360.938,90.3706
YT,2032,Mayotte,429.359,46.12523
MC,2032,Monaco,35.904,100.0
RE,2032,Réunion,1045.085,99.86569
PF,2032,French Polynesia,328.738,63.94581
GA,2032,Gabon,2872.311,93.01384
GM,2032,Gambia,3406.845,69.53917
GE,2032,Georgia,3632.939,64.80355
DE,2032,Germany,82515.755,79.36785
DE,2032,"Germany, Federal Republic of",,
GH,2032,Ghana,40121.418,64.50034
GI,2032,Gibraltar,32.734,100.0
GR,2032,Greece,9977.332,83.3348
GL,2032,Greenland,57.071,89.64321
GD,2032,Grenada,131.28,39.54537
GU,2032,Guam,182.823,95.79233
GT,2032,Guatemala,20537.438,57.45994
GN,2032,Guinea,17330.988,42.47907
GW,2032,Guinea-Bissau,2582.689,49.3648
GY,2032,Guyana,855.198,29.08694
HT,2032,Haiti,12967.403,66.23459
VA,2032,Holy See,0.578,100.0
HN,2032,Honduras,12029.728,65.40958
HU,2032,Hungary,9573.742,75.81757
IS,2032,Iceland,393.776,94.56712
IN,2032,India,1537108.035,41.32445
ID,2032,Indonesia,295817.463,63.98986
ID,2032,Indonesia (...2002),,
IR,2032,Iran (Islamic Republic of),93745.796,80.86079
IQ,2032,Iraq,54966.918,74.19819
IE,2032,Ireland,5322.355,67.4946
IL,2032,Israel,10411.756,93.72668
IT,2032,Italy,57122.854,74.95622
JM,2032,Jamaica,2791.03,61.30935
JP,2032,Japan,117090.083,92.90285
JO,2032,Jordan,12208.667,93.46785
KZ,2032,Kazakhstan,21547.475,60.71441
KE,2032,Kenya,65470.26,34.6263
KI,2032,Kiribati,152.807,63.26085
KP,2032,"Korea, Dem. People's Rep. of",26606.61,66.32278
KR,2032,"Korea, Republic of",51040.363,82.34109
KW,2032,Kuwait,4635.015,100.0
KG,2032,Kyrgyzstan,7630.121,42.00685
LA,2032,Lao People's Dem. Rep.,8500.404,44.22229
LV,2032,Latvia,1668.342,70.40978
LB,2032,Lebanon,4654.951,90.91923
LS,2032,Lesotho,2547.869,35.11275
LR,2032,Liberia,6539.863,58.42265
LY,2032,Libya,7532.997,84.17534
LT,2032,Lithuania,2517.665,71.29356
LU,2032,Luxembourg,707.675,93.46386
MG,2032,Madagascar,37165.274,46.54401
MW,2032,Malawi,26148.406,21.80404
MY,2032,Malaysia,37288.666,82.53107
MV,2032,Maldives,517.587,45.93109
ML,2032,Mali,30404.609,52.50827
MT,2032,Malta,543.919,95.52182
MH,2032,Marshall Islands,45.484,81.61866
MR,2032,Mauritania,6123.818,63.92384
MU,2032,Mauritius,1304.094,42.3221
MX,2032,Mexico,136081.567,84.02903
FM,2032,Micronesia (Federated States of),124.662,25.48347
MD,2032,"Moldova, Republic of",3160.142,46.34204
MN,2032,Mongolia,3811.167,71.17043
ME,2032,Montenegro,619.469,71.54191
MS,2032,Montserrat,4.271,10.10324
MA,2032,Morocco,40828.386,69.63797
MZ,2032,Mozambique,43036.239,44.09507
MM,2032,Myanmar,57538.458,35.97483
NA,2032,Namibia,2996.909,62.22472
NR,2032,Nauru,13.498,100.0
NP,2032,Nepal,33686.387,26.42271
NL,2032,Netherlands (Kingdom of the),18009.471,95.07589
NC,2032,New Caledonia,317.611,75.96549
NZ,2032,New Zealand,5560.491,88.11968
NI,2032,Nicaragua,7858.704,63.06166
NE,2032,Niger,37815.958,19.34613
NG,2032,Nigeria,274119.414,60.44261
NU,2032,Niue,1.956,53.49526
MK,2032,North Macedonia,2064.037,63.82123
MP,2032,Northern Mariana Islands,51.428,92.95376
NO,2032,Norway,5821.885,86.60898
OM,2032,Oman,5211.645,92.31298
PK,2032,Pakistan,283775.146,41.58938
PW,2032,Palau,17.843,85.64618
PA,2032,Panama,4969.177,73.02414
PA,2032,"Panama, excluding Canal Zone",,
PG,2032,Papua New Guinea,11975.671,15.76972
PY,2032,Paraguay,7569.644,66.49838
PE,2032,Peru,37357.05,81.03185
PH,2032,Philippines,132771.74,51.82254
PL,2032,Poland,38437.517,62.14367
PT,2032,Portugal,10003.604,72.28142
QA,2032,Qatar,2896.022,99.56502
RO,2032,Romania,18892.25,57.39921
RU,2032,Russian Federation,140559.555,77.67734
RW,2032,Rwanda,17038.488,20.29731
BL,2032,Saint Barthélemy,11.101,98.7066
SH,2032,Saint Helena,4.768,43.48229
KN,2032,Saint Kitts and Nevis,48.3,32.98667
LC,2032,Saint Lucia,183.7,20.82071
MF,2032,Saint Martin (French part),33.794,98.7066
PM,2032,Saint Pierre and Miquelon,5.601,90.78758
VC,2032,Saint Vincent and the Grenadines,104.417,58.14399
WS,2032,Samoa,255.362,17.39356
SM,2032,San Marino,33.407,98.48563
ST,2032,Sao Tome and Principe,275.089,80.81356
SA,2032,Saudi Arabia,41399.264,86.90968
SN,2032,Senegal,22153.523,54.33786
RS,2032,Serbia,8432.966,60.04744
SC,2032,Seychelles,112.144,62.56623
SL,2032,Sierra Leone,10479.347,48.9416
SG,2032,Singapore,6303.417,100.0
SX,2032,Sint Maarten (Dutch part),45.078,100.0
SK,2032,Slovakia,5533.949,56.34969
SI,2032,Slovenia,2099.124,59.69949
SB,2032,Solomon Islands,890.636,29.95544
SO,2032,Somalia,23603.148,53.35674
ZA,2032,South Africa,65752.924,72.94169
SS,2032,South Sudan,13069.562,25.1381
ES,2032,Spain,46911.38,83.81717
LK,2032,Sri Lanka,22234.271,21.82195
PS,2032,State of Palestine,6515.333,80.33122
SD,2032,Sudan,59596.368,40.8751
SD,2032,Sudan (...2011),,
SR,2032,Suriname,668.761,68.10545
SE,2032,Sweden,11103.547,90.6454
"['LI', 'CH']",2032,"Switzerland, Liechtenstein",9266.939,75.55134
LI,2032,Liechtenstein,41.335,15.86429
CH,2032,Switzerland,9225.604,75.81877
SY,2032,Syrian Arab Republic,31143.413,62.89254
TJ,2032,Tajikistan,11790.372,31.72005
TZ,2032,"Tanzania, United Republic of",86270.886,43.84933
TH,2032,Thailand,71987.707,59.71295
TL,2032,Timor-Leste,1532.284,36.03223
TG,2032,Togo,11014.261,49.80453
TK,2032,Tokelau,2.087,0.0
TO,2032,Tonga,115.978,24.152
TT,2032,Trinidad and Tobago,1547.54,55.40178
TN,2032,Tunisia,13247.347,73.71425
TR,2032,Türkiye,89791.477,80.94759
TM,2032,Turkmenistan,7168.235,59.03611
TC,2032,Turks and Caicos Islands,49.175,95.5275
TV,2032,Tuvalu,12.047,71.46943
UG,2032,Uganda,61273.497,32.48733
UA,2032,Ukraine,37757.668,72.25594
AE,2032,United Arab Emirates,10130.008,89.60134
GB,2032,United Kingdom,69794.188,86.54811
IM,2032,Isle of Man,86.023,56.08371
"['IM', 'GB']",2032,United Kingdom excl. Channel Islands and Isle of Man,69521.624,86.73044
US,2032,United States of America,358723.738,85.39917
"['PR', 'US']",2032,United States of America including Puerto Rico,358631.927,85.39624
PR,2032,Puerto Rico,3219.727,94.12236
US,2032,United States of America excluding Puerto Rico and United States Virgin Islands,355412.2,85.31719
VI,2032,United States Virgin Islands,91.811,96.87017
UY,2032,Uruguay,3422.418,96.43321
UZ,2032,Uzbekistan,39097.348,52.36741
VU,2032,Vanuatu,408.365,27.90219
VE,2032,Venezuela (Bolivarian Rep. of),32629.217,89.2663
VN,2032,Viet Nam,103538.31,45.8515
WF,2032,Wallis and Futuna Islands,11.219,0.0
EH,2032,Western Sahara,683.426,88.08261
YE,2032,Yemen,41499.929,45.63298
YE,2032,"Yemen, Democratic",,
ZM,2032,Zambia,25905.154,51.68967
ZW,2032,Zimbabwe,19919.582,35.01468
ZA,2032,Southern Africa,75691.31,70.62713
"['AU', 'NZ']",2032,"Europe, Northern America, Australia and New Zealand",1172523.891,80.77332
HT,2032,LDCs: Islands and Haiti,16819.727,59.84138
AF,2033,Afghanistan,53866.558,30.97184
AL,2033,Albania,2760.238,71.18662
DZ,2033,Algeria,51336.846,79.39034
AS,2033,American Samoa,39.842,88.19375
AD,2033,Andorra,81.914,87.98601
AO,2033,Angola,48710.079,73.99302
AI,2033,Anguilla,16.043,100.0
AG,2033,Antigua and Barbuda,98.507,25.28545
AR,2033,Argentina,48431.562,93.56957
AM,2033,Armenia,2741.125,66.65091
AW,2033,Aruba,103.91,47.2224
AU,2033,Australia,28892.146,88.10022
AT,2033,Austria,9067.937,63.00621
AZ,2033,Azerbaijan,10817.832,62.31437
BS,2033,Bahamas,436.175,85.27211
BH,2033,Bahrain,1611.918,91.22674
BD,2033,Bangladesh,188629.587,47.71294
BB,2033,Barbados,282.567,33.70523
BY,2033,Belarus,9079.65,84.2204
BE,2033,Belgium,11939.397,98.50115
BZ,2033,Belize,466.383,49.7008
BJ,2033,Benin,17613.873,55.89119
BM,2033,Bermuda,62.1,100.0
BT,2033,Bhutan,834.985,50.15674
BO,2033,Bolivia (Plurinational State of),14136.814,74.81793
BQ,2033,"Bonaire, Sint Eustatius and Saba",28.127,77.16189
BA,2033,Bosnia and Herzegovina,3065.088,55.13334
BW,2033,Botswana,3091.424,78.24197
BR,2033,Brazil,226347.402,89.8448
VG,2033,British Virgin Islands,33.526,54.09845
BN,2033,Brunei Darussalam,480.655,81.86258
BG,2033,Bulgaria,6121.236,80.0007
BF,2033,Burkina Faso,29451.315,39.11299
BI,2033,Burundi,16979.76,18.93189
CV,2033,Cabo Verde,655.419,71.98185
KH,2033,Cambodia,18515.538,30.66461
CM,2033,Cameroon,36480.529,64.82333
CA,2033,Canada,41926.289,83.43543
KY,2033,Cayman Islands,73.979,100.0
CF,2033,Central African Republic,7755.423,49.5512
TD,2033,Chad,24395.658,28.65292
CL,2033,Chile,20169.162,89.25356
CN,2033,China,1406810.379,72.69845
HK,2033,"China, Hong Kong SAR",7452.152,100.0
MO,2033,"China, Macao SAR",785.332,100.0
"['CN', 'TW']",2033,"China, Taiwan Province of",23989.011,83.29952
CO,2033,Colombia,54939.194,85.0856
KM,2033,Comoros,1004.456,33.73228
CG,2033,Congo,7580.97,73.54829
CD,2033,"Congo, Dem. Rep. of the",139626.69,53.61592
CK,2033,Cook Islands,17.345,78.57861
CR,2033,Costa Rica,5509.609,86.73902
CI,2033,Côte d'Ivoire,36657.338,58.33579
HR,2033,Croatia,3778.659,62.87521
CU,2033,Cuba,10913.301,79.36749
CW,2033,Curaçao,199.786,89.62481
CY,2033,Cyprus,983.088,68.81677
CZ,2033,Czechia,10506.59,76.86927
CZ,2033,Czechoslovakia,,
DK,2033,Denmark,6175.218,89.8739
DJ,2033,Djibouti,1292.873,80.68031
DM,2033,Dominica,75.474,75.0758
DO,2033,Dominican Republic,12223.234,88.7988
EC,2033,Ecuador,20012.29,67.75268
EG,2033,Egypt,130511.81,45.89098
SV,2033,El Salvador,6612.593,80.45767
GQ,2033,Equatorial Guinea,2122.936,78.23591
ER,2033,Eritrea,4539.275,49.7055
EE,2033,Estonia,1271.864,72.21125
SZ,2033,Eswatini,1360.216,27.41895
ET,2033,Ethiopia,159160.258,28.55601
ET,2033,Ethiopia (...1991),,
FK,2033,Falkland Islands (Malvinas),3.878,82.84734
FO,2033,Faroe Islands,55.276,45.71239
FJ,2033,Fiji,1006.621,63.28293
FI,2033,Finland,5563.499,87.03784
FR,2033,France,68497.147,84.56714
FR,2033,"France, metropolitan",65817.039,84.42805
GF,2033,French Guiana,390.88,88.45117
GP,2033,Guadeloupe,401.094,98.72686
MQ,2033,Martinique,360.105,90.51121
YT,2033,Mayotte,440.586,46.36945
MC,2033,Monaco,35.941,100.0
RE,2033,Réunion,1051.502,99.87037
PF,2033,French Polynesia,330.563,64.19457
GA,2033,Gabon,2921.51,93.1732
GM,2033,Gambia,3478.941,70.04358
GE,2033,Georgia,3620.18,65.27386
DE,2033,Germany,82377.569,79.60213
DE,2033,"Germany, Federal Republic of",,
GH,2033,Ghana,40797.66,65.04093
GI,2033,Gibraltar,32.706,100.0
GR,2033,Greece,9935.883,83.60984
GL,2033,Greenland,57.002,89.80963
GD,2033,Grenada,131.698,39.90822
GU,2033,Guam,183.827,95.85673
GT,2033,Guatemala,20800.765,57.99055
GN,2033,Guinea,17687.444,43.03615
GW,2033,Guinea-Bissau,2631.836,49.80379
GY,2033,Guyana,858.368,29.37841
HT,2033,Haiti,13098.831,66.85822
VA,2033,Holy See,0.585,100.0
HN,2033,Honduras,12178.241,65.94805
HU,2033,Hungary,9536.799,76.15839
IS,2033,Iceland,395.352,94.63294
IN,2033,India,1547689.835,41.93112
ID,2033,Indonesia,297563.755,64.55114
ID,2033,Indonesia (...2002),,
IR,2033,Iran (Islamic Republic of),94130.484,81.21279
IQ,2033,Iraq,56062.27,74.52565
IE,2033,Ireland,5349.663,67.87972
IL,2033,Israel,10550.851,93.8283
IT,2033,Italy,56906.954,75.29997
JM,2033,Jamaica,2782.912,61.80566
JP,2033,Japan,116368.193,93.00352
JO,2033,Jordan,12359.896,93.60049
KZ,2033,Kazakhstan,21758.123,61.08518
KE,2033,Kenya,66655.944,35.23751
KI,2033,Kiribati,154.809,63.77901
KP,2033,"Korea, Dem. People's Rep. of",26611.771,66.72362
KR,2033,"Korea, Republic of",50890.473,82.50612
KW,2033,Kuwait,4670.915,100.0
KG,2033,Kyrgyzstan,7728.599,42.59976
LA,2033,Lao People's Dem. Rep.,8587.263,44.88613
LV,2033,Latvia,1652.459,70.66178
LB,2033,Lebanon,4641.685,91.07318
LS,2033,Lesotho,2570.416,35.68284
LR,2033,Liberia,6670.12,58.98906
LY,2033,Libya,7601.269,84.44203
LT,2033,Lithuania,2497.243,71.63639
LU,2033,Luxembourg,712.75,93.58025
MG,2033,Madagascar,37952.413,47.18549
MW,2033,Malawi,26755.508,22.29337
MY,2033,Malaysia,37573.537,82.88337
MV,2033,Maldives,520.779,46.37424
ML,2033,Mali,31272.674,53.14676
MT,2033,Malta,543.8,95.58514
MH,2033,Marshall Islands,45.863,81.88448
MR,2033,Mauritania,6273.096,64.5276
MU,2033,Mauritius,1302.906,42.59002
MX,2033,Mexico,136816.372,84.28885
FM,2033,Micronesia (Federated States of),125.588,25.79388
MD,2033,"Moldova, Republic of",3151.669,46.80066
MN,2033,Mongolia,3848.847,71.46906
ME,2033,Montenegro,618.208,71.87742
MS,2033,Montserrat,4.247,10.23753
MA,2033,Morocco,41119.588,70.11228
MZ,2033,Mozambique,44106.698,44.71113
MM,2033,Myanmar,57790.976,36.49428
NA,2033,Namibia,3040.441,62.91922
NR,2033,Nauru,13.57,100.0
NP,2033,Nepal,33948.886,26.97293
NL,2033,Netherlands (Kingdom of the),18036.007,95.22189
NC,2033,New Caledonia,320.065,76.29438
NZ,2033,New Zealand,5590.867,88.26805
NI,2033,Nicaragua,7941.633,63.47769
NE,2033,Niger,39167.073,19.70486
NG,2033,Nigeria,279925.063,61.04223
NU,2033,Niue,1.963,54.00943
MK,2033,North Macedonia,2059.037,64.35242
MP,2033,Northern Mariana Islands,51.525,93.05404
NO,2033,Norway,5857.592,86.86122
OM,2033,Oman,5270.15,92.58579
PK,2033,Pakistan,288660.9,42.06993
PW,2033,Palau,17.798,85.92382
PA,2033,Panama,5020.569,73.42697
PA,2033,"Panama, excluding Canal Zone",,
PG,2033,Papua New Guinea,12154.395,16.09334
PY,2033,Paraguay,7639.257,66.90649
PE,2033,Peru,37675.482,81.28412
PH,2033,Philippines,134393.296,52.29519
PL,2033,Poland,38291.012,62.48246
PT,2033,Portugal,9973.208,72.7261
QA,2033,Qatar,2917.304,99.57943
RO,2033,Romania,18823.372,57.81713
RU,2033,Russian Federation,140115.666,77.98701
RW,2033,Rwanda,17371.424,20.66981
BL,2033,Saint Barthélemy,11.091,98.72686
SH,2033,Saint Helena,4.705,43.88889
KN,2033,Saint Kitts and Nevis,48.309,33.30565
LC,2033,Saint Lucia,183.831,21.06896
MF,2033,Saint Martin (French part),33.929,98.72686
PM,2033,Saint Pierre and Miquelon,5.577,90.8948
VC,2033,Saint Vincent and the Grenadines,104.441,58.56713
WS,2033,Samoa,258.775,17.47459
SM,2033,San Marino,33.38,98.53321
ST,2033,Sao Tome and Principe,280.216,81.16635
SA,2033,Saudi Arabia,41858.423,87.12202
SN,2033,Senegal,22679.016,54.8961
RS,2033,Serbia,8385.963,60.45493
SC,2033,Seychelles,112.531,62.97398
SL,2033,Sierra Leone,10666.285,49.49983
SG,2033,Singapore,6325.533,100.0
SX,2033,Sint Maarten (Dutch part),45.099,100.0
SK,2033,Slovakia,5521.189,56.74502
SI,2033,Slovenia,2095.434,60.16014
SB,2033,Solomon Islands,908.135,30.36694
SO,2033,Somalia,24260.802,53.96191
ZA,2033,South Africa,66284.189,73.37071
SS,2033,South Sudan,13327.397,25.67019
ES,2033,Spain,46822.907,84.06886
LK,2033,Sri Lanka,22252.909,22.2265
PS,2033,State of Palestine,6645.371,80.64447
SD,2033,Sudan,60911.388,41.49293
SD,2033,Sudan (...2011),,
SR,2033,Suriname,673.183,68.37403
SE,2033,Sweden,11149.63,90.82658
"['LI', 'CH']",2033,"Switzerland, Liechtenstein",9305.421,75.79591
LI,2033,Liechtenstein,41.468,16.06811
CH,2033,Switzerland,9263.953,76.06327
SY,2033,Syrian Arab Republic,31736.16,63.46625
TJ,2033,Tajikistan,11979.029,32.23456
TZ,2033,"Tanzania, United Republic of",88509.837,44.54082
TH,2033,Thailand,71924.682,60.34417
TL,2033,Timor-Leste,1550.436,36.44373
TG,2033,Togo,11246.734,50.41073
TK,2033,Tokelau,2.107,0.0
TO,2033,Tonga,116.92,24.33951
TT,2033,Trinidad and Tobago,1546.883,55.73733
TN,2033,Tunisia,13316.811,74.08305
TR,2033,Türkiye,90247.581,81.28283
TM,2033,Turkmenistan,7234.748,59.61146
TC,2033,Turks and Caicos Islands,49.484,95.62534
TV,2033,Tuvalu,12.111,71.92982
UG,2033,Uganda,62728.594,33.13699
UA,2033,Ukraine,37489.78,72.55536
AE,2033,United Arab Emirates,10192.521,89.77562
GB,2033,United Kingdom,69958.943,86.76656
IM,2033,Isle of Man,86.126,56.44937
"['IM', 'GB']",2033,United Kingdom excl. Channel Islands and Isle of Man,69685.135,86.94913
US,2033,United States of America,360276.962,85.62773
"['PR', 'US']",2033,United States of America including Puerto Rico,360185.95,85.62488
PR,2033,Puerto Rico,3194.891,94.20406
US,2033,United States of America excluding Puerto Rico and United States Virgin Islands,356991.059,85.5481
VI,2033,United States Virgin Islands,91.012,96.92501
UY,2033,Uruguay,3421.623,96.49816
UZ,2033,Uzbekistan,39477.006,52.70763
VU,2033,Vanuatu,417.158,28.17175
VE,2033,Venezuela (Bolivarian Rep. of),32897.334,89.38753
VN,2033,Viet Nam,103917.806,46.54306
WF,2033,Wallis and Futuna Islands,11.222,0.0
EH,2033,Western Sahara,693.617,88.21417
YE,2033,Yemen,42288.449,46.2748
YE,2033,"Yemen, Democratic",,
ZM,2033,Zambia,26528.16,52.29754
ZW,2033,Zimbabwe,20293.203,35.45217
ZA,2033,Southern Africa,76346.686,71.06418
"['AU', 'NZ']",2033,"Europe, Northern America, Australia and New Zealand",1173387.925,81.05422
HT,2033,LDCs: Islands and Haiti,17008.994,60.39257
AF,2034,Afghanistan,55046.63,31.46655
AL,2034,Albania,2748.602,71.70402
DZ,2034,Algeria,51845.003,79.72149
AS,2034,American Samoa,39.404,88.34326
AD,2034,Andorra,82.015,88.06459
AO,2034,Angola,50007.927,74.44795
AI,2034,Anguilla,16.031,100.0
AG,2034,Antigua and Barbuda,98.788,25.49259
AR,2034,Argentina,48674.651,93.67409
AM,2034,Armenia,2734.049,67.05828
AW,2034,Aruba,103.526,47.61367
AU,2034,Australia,29112.898,88.26423
AT,2034,Austria,9068.871,63.42071
AZ,2034,Azerbaijan,10850.748,62.84237
BS,2034,Bahamas,438.082,85.46458
BH,2034,Bahrain,1624.315,91.35604
BD,2034,Bangladesh,189925.419,48.38247
BB,2034,Barbados,282.255,34.06542
BY,2034,Belarus,9037.59,84.51728
BE,2034,Belgium,11959.522,98.52829
BZ,2034,Belize,471.528,50.10661
BJ,2034,Benin,18030.401,56.47542
BM,2034,Bermuda,61.849,100.0
BT,2034,Bhutan,839.181,50.6474
BO,2034,Bolivia (Plurinational State of),14303.356,75.18331
BQ,2034,"Bonaire, Sint Eustatius and Saba",28.189,77.39524
BA,2034,Bosnia and Herzegovina,3048.617,55.67167
BW,2034,Botswana,3130.405,78.68093
BR,2034,Brazil,227053.318,90.02497
VG,2034,British Virgin Islands,33.681,54.5346
BN,2034,Brunei Darussalam,482.853,82.11095
BG,2034,Bulgaria,6064.642,80.31945
BF,2034,Burkina Faso,30104.222,39.77881
BI,2034,Burundi,17386.443,19.39217
CV,2034,Cabo Verde,660.774,72.34558
KH,2034,Cambodia,18652.904,31.22692
CM,2034,Cameroon,37308.723,65.34239
CA,2034,Canada,42218.806,83.63586
KY,2034,Cayman Islands,74.291,100.0
CF,2034,Central African Republic,7977.059,50.18693
TD,2034,Chad,25057.645,29.21377
CL,2034,Chile,20245.117,89.39867
CN,2034,China,1403314.815,73.32393
HK,2034,"China, Hong Kong SAR",7436.708,100.0
MO,2034,"China, Macao SAR",792.125,100.0
"['CN', 'TW']",2034,"China, Taiwan Province of",23960.879,83.58258
CO,2034,Colombia,55178.639,85.33314
KM,2034,Comoros,1019.412,34.14028
CG,2034,Congo,7740.041,73.96225
CD,2034,"Congo, Dem. Rep. of the",143789.026,54.23198
CK,2034,Cook Islands,17.372,78.82996
CR,2034,Costa Rica,5532.923,87.0099
CI,2034,Côte d'Ivoire,37489.206,58.87787
HR,2034,Croatia,3754.157,63.37011
CU,2034,Cuba,10875.84,79.60868
CW,2034,Curaçao,200.349,89.74262
CY,2034,Cyprus,988.278,69.10294
CZ,2034,Czechia,10503.807,77.15183
CZ,2034,Czechoslovakia,,
DK,2034,Denmark,6196.753,90.01869
DJ,2034,Djibouti,1307.741,80.92933
DM,2034,Dominica,75.579,75.3827
DO,2034,Dominican Republic,12298.752,89.1007
EC,2034,Ecuador,20179.297,68.1158
EG,2034,Egypt,132340.744,46.31691
SV,2034,El Salvador,6628.758,80.85545
GQ,2034,Equatorial Guinea,2163.786,78.55946
ER,2034,Eritrea,4625.813,50.33763
EE,2034,Estonia,1265.905,72.48717
SZ,2034,Eswatini,1378.991,27.73284
ET,2034,Ethiopia,162438.815,29.13669
ET,2034,Ethiopia (...1991),,
FK,2034,Falkland Islands (Malvinas),3.883,83.13294
FO,2034,Faroe Islands,55.526,46.05015
FJ,2034,Fiji,1013.135,63.71178
FI,2034,Finland,5561.441,87.19477
FR,2034,France,68600.388,84.8128
FR,2034,"France, metropolitan",65894.943,84.68484
GF,2034,French Guiana,399.03,88.61703
GP,2034,Guadeloupe,401.388,98.74683
MQ,2034,Martinique,359.212,90.65005
YT,2034,Mayotte,452.066,46.64653
MC,2034,Monaco,35.987,100.0
RE,2034,Réunion,1057.762,99.87405
PF,2034,French Polynesia,332.298,64.4556
GA,2034,Gabon,2970.796,93.3224
GM,2034,Gambia,3551.235,70.5358
GE,2034,Georgia,3607.218,65.74643
DE,2034,Germany,82230.377,79.84641
DE,2034,"Germany, Federal Republic of",,
GH,2034,Ghana,41475.941,65.57132
GI,2034,Gibraltar,32.666,100.0
GR,2034,Greece,9894.267,83.88045
GL,2034,Greenland,56.901,89.9731
GD,2034,Grenada,132.1,40.28953
GU,2034,Guam,184.818,95.92002
GT,2034,Guatemala,21061.659,58.52856
GN,2034,Guinea,18044.749,43.6062
GW,2034,Guinea-Bissau,2681.179,50.24334
GY,2034,Guyana,861.278,29.6862
HT,2034,Haiti,13229.269,67.46027
VA,2034,Holy See,0.594,100.0
HN,2034,Honduras,12323.556,66.47777
HU,2034,Hungary,9498.246,76.50079
IS,2034,Iceland,396.829,94.70025
IN,2034,India,1557919.806,42.54726
ID,2034,Indonesia,299251.173,65.10333
ID,2034,Indonesia (...2002),,
IR,2034,Iran (Islamic Republic of),94501.761,81.55554
IQ,2034,Iraq,57162.965,74.85961
IE,2034,Ireland,5376.684,68.27331
IL,2034,Israel,10690.361,93.93046
IT,2034,Italy,56687.086,75.64532
JM,2034,Jamaica,2773.843,62.31178
JP,2034,Japan,115641.077,93.10494
JO,2034,Jordan,12517.964,93.72816
KZ,2034,Kazakhstan,21970.104,61.47268
KE,2034,Kenya,67839.692,35.85554
KI,2034,Kiribati,156.787,64.27922
KP,2034,"Korea, Dem. People's Rep. of",26608.668,67.13392
KR,2034,"Korea, Republic of",50721.724,82.68344
KW,2034,Kuwait,4707.382,100.0
KG,2034,Kyrgyzstan,7828.069,43.21594
LA,2034,Lao People's Dem. Rep.,8672.294,45.54803
LV,2034,Latvia,1637.036,70.9249
LB,2034,Lebanon,4637.432,91.22475
LS,2034,Lesotho,2592.633,36.262
LR,2034,Liberia,6800.916,59.5562
LY,2034,Libya,7668.904,84.70504
LT,2034,Lithuania,2476.99,71.9887
LU,2034,Luxembourg,717.696,93.69018
MG,2034,Madagascar,38742.689,47.81666
MW,2034,Malawi,27364.192,22.80212
MY,2034,Malaysia,37847.164,83.22255
MV,2034,Maldives,523.92,46.8174
ML,2034,Mali,32155.238,53.76895
MT,2034,Malta,543.443,95.64807
MH,2034,Marshall Islands,46.235,82.14107
MR,2034,Mauritania,6424.061,65.113
MU,2034,Mauritius,1301.364,42.87936
MX,2034,Mexico,137523.732,84.54573
FM,2034,Micronesia (Federated States of),126.475,26.1202
MD,2034,"Moldova, Republic of",3142.584,47.28451
MN,2034,Mongolia,3887.004,71.77996
ME,2034,Montenegro,616.859,72.21233
MS,2034,Montserrat,4.229,10.39367
MA,2034,Morocco,41405.88,70.58037
MZ,2034,Mozambique,45186.202,45.33047
MM,2034,Myanmar,58027.255,37.03178
NA,2034,Namibia,3084.032,63.58881
NR,2034,Nauru,13.643,100.0
NP,2034,Nepal,34202.471,27.53182
NL,2034,Netherlands (Kingdom of the),18058.19,95.3577
NC,2034,New Caledonia,322.481,76.61719
NZ,2034,New Zealand,5619.9,88.4202
NI,2034,Nicaragua,8023.271,63.9043
NE,2034,Niger,40551.808,20.08652
NG,2034,Nigeria,285756.014,61.62303
NU,2034,Niue,1.97,54.49735
MK,2034,North Macedonia,2053.511,64.88008
MP,2034,Northern Mariana Islands,51.605,93.15376
NO,2034,Norway,5892.684,87.10636
OM,2034,Oman,5328.579,92.83435
PK,2034,Pakistan,293546.48,42.56749
PW,2034,Palau,17.744,86.18692
PA,2034,Panama,5071.12,73.83061
PA,2034,"Panama, excluding Canal Zone",,
PG,2034,Papua New Guinea,12331.461,16.43857
PY,2034,Paraguay,7707.287,67.32066
PE,2034,Peru,37987.772,81.53919
PH,2034,Philippines,135989.261,52.7829
PL,2034,Poland,38135.299,62.84494
PT,2034,Portugal,9942.165,73.16177
QA,2034,Qatar,2939.367,99.59253
RO,2034,Romania,18752.783,58.25672
RU,2034,Russian Federation,139670.938,78.30474
RW,2034,Rwanda,17705.321,21.06538
BL,2034,Saint Barthélemy,11.072,98.74683
SH,2034,Saint Helena,4.649,44.3237
KN,2034,Saint Kitts and Nevis,48.31,33.64641
LC,2034,Saint Lucia,183.91,21.33161
MF,2034,Saint Martin (French part),34.063,98.74683
PM,2034,Saint Pierre and Miquelon,5.552,90.96334
VC,2034,Saint Vincent and the Grenadines,104.447,58.98891
WS,2034,Samoa,262.233,17.57496
SM,2034,San Marino,33.352,98.57757
ST,2034,Sao Tome and Principe,285.383,81.49497
SA,2034,Saudi Arabia,42310.341,87.33282
SN,2034,Senegal,23211.962,55.45877
RS,2034,Serbia,8337.935,60.87754
SC,2034,Seychelles,112.902,63.37979
SL,2034,Sierra Leone,10852.747,50.06547
SG,2034,Singapore,6345.049,100.0
SX,2034,Sint Maarten (Dutch part),45.081,100.0
SK,2034,Slovakia,5507.06,57.16662
SI,2034,Slovenia,2091.539,60.63132
SB,2034,Solomon Islands,925.799,30.77239
SO,2034,Somalia,24929.0,54.56567
ZA,2034,South Africa,66804.167,73.7932
SS,2034,South Sudan,13588.252,26.21995
ES,2034,Spain,46728.914,84.31992
LK,2034,Sri Lanka,22268.031,22.65595
PS,2034,State of Palestine,6775.991,80.9573
SD,2034,Sudan,62238.161,42.12989
SD,2034,Sudan (...2011),,
SR,2034,Suriname,677.458,68.65797
SE,2034,Sweden,11194.469,91.00219
"['LI', 'CH']",2034,"Switzerland, Liechtenstein",9342.302,76.05234
LI,2034,Liechtenstein,41.593,16.28745
CH,2034,Switzerland,9300.709,76.31961
SY,2034,Syrian Arab Republic,32302.224,64.03189
TJ,2034,Tajikistan,12170.662,32.77518
TZ,2034,"Tanzania, United Republic of",90784.591,45.22484
TH,2034,Thailand,71841.24,60.96477
TL,2034,Timor-Leste,1568.297,36.85783
TG,2034,Togo,11481.745,51.01858
TK,2034,Tokelau,2.13,0.0
TO,2034,Tonga,117.874,24.54319
TT,2034,Trinidad and Tobago,1545.88,56.09588
TN,2034,Tunisia,13384.136,74.45405
TR,2034,Türkiye,90691.921,81.60806
TM,2034,Turkmenistan,7301.217,60.18417
TC,2034,Turks and Caicos Islands,49.78,95.71392
TV,2034,Tuvalu,12.171,72.36112
UG,2034,Uganda,64184.56,33.78753
UA,2034,Ukraine,37223.511,72.86547
AE,2034,United Arab Emirates,10255.434,89.94731
GB,2034,United Kingdom,70117.286,86.9822
IM,2034,Isle of Man,86.225,56.82942
"['IM', 'GB']",2034,United Kingdom excl. Channel Islands and Isle of Man,69842.265,87.16491
US,2034,United States of America,361788.237,85.85682
"['PR', 'US']",2034,United States of America including Puerto Rico,361698.015,85.85405
PR,2034,Puerto Rico,3169.24,94.29047
US,2034,United States of America excluding Puerto Rico and United States Virgin Islands,358528.775,85.77947
VI,2034,United States Virgin Islands,90.222,96.97594
UY,2034,Uruguay,3420.506,96.56152
UZ,2034,Uzbekistan,39851.948,53.07455
VU,2034,Vanuatu,426.05,28.45311
VE,2034,Venezuela (Bolivarian Rep. of),33154.162,89.51393
VN,2034,Viet Nam,104271.016,47.22926
WF,2034,Wallis and Futuna Islands,11.227,0.0
EH,2034,Western Sahara,703.736,88.34922
YE,2034,Yemen,43075.225,46.91786
YE,2034,"Yemen, Democratic",,
ZM,2034,Zambia,27154.05,52.90578
ZW,2034,Zimbabwe,20668.334,35.92255
ZA,2034,Southern Africa,76990.228,71.49432
"['AU', 'NZ']",2034,"Europe, Northern America, Australia and New Zealand",1174133.552,81.33825
HT,2034,LDCs: Islands and Haiti,17197.118,60.92662
AF,2035,Afghanistan,56226.855,31.97823
AL,2035,Albania,2736.08,72.19659
DZ,2035,Algeria,52352.52,80.04949
AS,2035,American Samoa,38.966,88.49903
AD,2035,Andorra,82.096,88.15333
AO,2035,Angola,51321.963,74.88929
AI,2035,Anguilla,16.015,100.0
AG,2035,Antigua and Barbuda,99.034,25.72181
AR,2035,Argentina,48912.958,93.77745
AM,2035,Armenia,2726.573,67.48433
AW,2035,Aruba,103.12,48.02111
AU,2035,Australia,29329.425,88.43044
AT,2035,Austria,9068.346,63.84603
AZ,2035,Azerbaijan,10881.465,63.37554
BS,2035,Bahamas,439.873,85.661
BH,2035,Bahrain,1636.698,91.4836
BD,2035,Bangladesh,191166.614,49.03845
BB,2035,Barbados,281.861,34.45044
BY,2035,Belarus,8995.945,84.80538
BE,2035,Belgium,11978.613,98.55476
BZ,2035,Belize,476.595,50.52921
BJ,2035,Benin,18450.172,57.05859
BM,2035,Bermuda,61.594,100.0
BT,2035,Bhutan,843.199,51.12085
BO,2035,Bolivia (Plurinational State of),14467.239,75.54824
BQ,2035,"Bonaire, Sint Eustatius and Saba",28.247,77.64344
BA,2035,Bosnia and Herzegovina,3031.666,56.21778
BW,2035,Botswana,3169.059,79.1033
BR,2035,Brazil,227705.396,90.20081
VG,2035,British Virgin Islands,33.831,54.97154
BN,2035,Brunei Darussalam,484.918,82.35531
BG,2035,Bulgaria,6008.012,80.63526
BF,2035,Burkina Faso,30759.536,40.44352
BI,2035,Burundi,17799.74,19.85875
CV,2035,Cabo Verde,666.035,72.70278
KH,2035,Cambodia,18787.213,31.7983
CM,2035,Cameroon,38142.789,65.85783
CA,2035,Canada,42503.204,83.84303
KY,2035,Cayman Islands,74.585,100.0
CF,2035,Central African Republic,8200.171,50.8226
TD,2035,Chad,25729.89,29.79757
CL,2035,Chile,20315.156,89.54688
CN,2035,China,1399547.5,73.91783
HK,2035,"China, Hong Kong SAR",7419.486,100.0
MO,2035,"China, Macao SAR",798.68,100.0
"['CN', 'TW']",2035,"China, Taiwan Province of",23924.394,83.8583
CO,2035,Colombia,55403.609,85.57726
KM,2035,Comoros,1034.321,34.5506
CG,2035,Congo,7900.72,74.372
CD,2035,"Congo, Dem. Rep. of the",148025.707,54.84676
CK,2035,Cook Islands,17.394,79.07884
CR,2035,Costa Rica,5554.928,87.25913
CI,2035,Côte d'Ivoire,38326.368,59.42248
HR,2035,Croatia,3729.368,63.87422
CU,2035,Cuba,10836.646,79.85889
CW,2035,Curaçao,200.869,89.87049
CY,2035,Cyprus,993.216,69.40669
CZ,2035,Czechia,10501.506,77.44231
CZ,2035,Czechoslovakia,,
DK,2035,Denmark,6217.243,90.16431
DJ,2035,Djibouti,1322.377,81.18378
DM,2035,Dominica,75.66,75.68789
DO,2035,Dominican Republic,12372.136,89.38296
EC,2035,Ecuador,20342.202,68.48974
EG,2035,Egypt,134183.751,46.76921
SV,2035,El Salvador,6642.981,81.23536
GQ,2035,Equatorial Guinea,2204.633,78.87366
ER,2035,Eritrea,4712.526,50.96389
EE,2035,Estonia,1259.966,72.76892
SZ,2035,Eswatini,1397.706,28.05642
ET,2035,Ethiopia,165715.492,29.72377
ET,2035,Ethiopia (...1991),,
FK,2035,Falkland Islands (Malvinas),3.884,83.37349
FO,2035,Faroe Islands,55.786,46.39807
FJ,2035,Fiji,1019.549,64.13541
FI,2035,Finland,5558.658,87.35642
FR,2035,France,68692.836,85.05509
FR,2035,"France, metropolitan",65962.123,84.93816
GF,2035,French Guiana,407.213,88.78059
GP,2035,Guadeloupe,401.586,98.76647
MQ,2035,Martinique,358.25,90.78682
YT,2035,Mayotte,463.797,46.95669
MC,2035,Monaco,36.038,100.0
RE,2035,Réunion,1063.829,99.87685
PF,2035,French Polynesia,333.947,64.72872
GA,2035,Gabon,3020.24,93.46187
GM,2035,Gambia,3623.617,71.01566
GE,2035,Georgia,3594.101,66.22083
DE,2035,Germany,82073.885,80.10029
DE,2035,"Germany, Federal Republic of",,
GH,2035,Ghana,42158.202,66.09093
GI,2035,Gibraltar,32.626,100.0
GR,2035,Greece,9852.471,84.14651
GL,2035,Greenland,56.785,90.13055
GD,2035,Grenada,132.494,40.68772
GU,2035,Guam,185.789,95.98268
GT,2035,Guatemala,21319.951,59.07327
GN,2035,Guinea,18402.322,44.1888
GW,2035,Guinea-Bissau,2730.575,50.68291
GY,2035,Guyana,863.917,30.01047
HT,2035,Haiti,13359.166,68.04075
VA,2035,Holy See,0.602,100.0
HN,2035,Honduras,12465.996,66.99845
HU,2035,Hungary,9458.299,76.84447
IS,2035,Iceland,398.209,94.76859
IN,2035,India,1567802.259,43.17201
ID,2035,Indonesia,300882.677,65.64613
ID,2035,Indonesia (...2002),,
IR,2035,Iran (Islamic Republic of),94861.188,81.88915
IQ,2035,Iraq,58268.847,75.19968
IE,2035,Ireland,5403.354,68.67493
IL,2035,Israel,10830.531,94.03296
IT,2035,Italy,56462.486,75.99199
JM,2035,Jamaica,2763.714,62.82685
JP,2035,Japan,114907.058,93.20702
JO,2035,Jordan,12683.203,93.85103
KZ,2035,Kazakhstan,22183.607,61.87651
KE,2035,Kenya,69018.977,36.47916
KI,2035,Kiribati,158.756,64.76121
KP,2035,"Korea, Dem. People's Rep. of",26598.048,67.55324
KR,2035,"Korea, Republic of",50532.567,82.87268
KW,2035,Kuwait,4744.328,100.0
KG,2035,Kyrgyzstan,7928.449,43.85298
LA,2035,Lao People's Dem. Rep.,8755.745,46.20741
LV,2035,Latvia,1622.114,71.19884
LB,2035,Lebanon,4642.097,91.37402
LS,2035,Lesotho,2614.644,36.8499
LR,2035,Liberia,6932.309,60.12291
LY,2035,Libya,7736.015,84.96439
LT,2035,Lithuania,2456.932,72.35004
LU,2035,Luxembourg,722.516,93.79394
MG,2035,Madagascar,39534.122,48.45095
MW,2035,Malawi,27975.136,23.32037
MY,2035,Malaysia,38109.999,83.54891
MV,2035,Maldives,526.981,47.26055
ML,2035,Mali,33051.142,54.3724
MT,2035,Malta,542.874,95.71074
MH,2035,Marshall Islands,46.611,82.3917
MR,2035,Mauritania,6576.462,65.67982
MU,2035,Mauritius,1299.451,43.19035
MX,2035,Mexico,138200.922,84.79942
FM,2035,Micronesia (Federated States of),127.323,26.46263
MD,2035,"Moldova, Republic of",3133.02,47.79328
MN,2035,Mongolia,3925.745,72.10271
ME,2035,Montenegro,615.427,72.54623
MS,2035,Montserrat,4.21,10.54953
MA,2035,Morocco,41685.255,71.04202
MZ,2035,Mozambique,46273.717,45.95268
MM,2035,Myanmar,58247.49,37.58716
NA,2035,Namibia,3127.696,64.23346
NR,2035,Nauru,13.719,100.0
NP,2035,Nepal,34448.817,28.09876
NL,2035,Netherlands (Kingdom of the),18075.642,95.48392
NC,2035,New Caledonia,324.862,76.93374
NZ,2035,New Zealand,5647.638,88.57595
NI,2035,Nicaragua,8103.378,64.34104
NE,2035,Niger,41971.174,20.49168
NG,2035,Nigeria,291591.598,62.18407
NU,2035,Niue,1.972,54.97658
MK,2035,North Macedonia,2047.455,65.40414
MP,2035,Northern Mariana Islands,51.666,93.25474
NO,2035,Norway,5927.178,87.34456
OM,2035,Oman,5387.135,93.06028
PK,2035,Pakistan,298432.78,43.08192
PW,2035,Palau,17.688,86.43982
PA,2035,Panama,5120.748,74.23435
PA,2035,"Panama, excluding Canal Zone",,
PG,2035,Papua New Guinea,12507.085,16.80611
PY,2035,Paraguay,7773.694,67.74051
PE,2035,Peru,38292.986,81.7968
PH,2035,Philippines,137561.513,53.28529
PL,2035,Poland,37971.541,63.23059
PT,2035,Portugal,9910.155,73.58809
QA,2035,Qatar,2962.241,99.60441
RO,2035,Romania,18680.47,58.71745
RU,2035,Russian Federation,139227.987,78.62991
RW,2035,Rwanda,18040.22,21.48458
BL,2035,Saint Barthélemy,11.046,98.76647
SH,2035,Saint Helena,4.59,44.76543
KN,2035,Saint Kitts and Nevis,48.297,34.01112
LC,2035,Saint Lucia,183.927,21.60855
MF,2035,Saint Martin (French part),34.193,98.76647
PM,2035,Saint Pierre and Miquelon,5.534,91.12903
VC,2035,Saint Vincent and the Grenadines,104.438,59.40973
WS,2035,Samoa,265.731,17.69487
SM,2035,San Marino,33.319,98.61899
ST,2035,Sao Tome and Principe,290.575,81.80042
SA,2035,Saudi Arabia,42755.976,87.54184
SN,2035,Senegal,23753.29,56.02532
RS,2035,Serbia,8288.793,61.31481
SC,2035,Seychelles,113.262,63.78396
SL,2035,Sierra Leone,11037.683,50.63808
SG,2035,Singapore,6361.936,100.0
SX,2035,Sint Maarten (Dutch part),45.023,100.0
SK,2035,Slovakia,5491.597,57.61395
SI,2035,Slovenia,2087.47,61.11255
SB,2035,Solomon Islands,943.64,31.17152
SO,2035,Somalia,25606.196,55.16746
ZA,2035,South Africa,67314.133,74.20887
SS,2035,South Sudan,13850.995,26.77888
ES,2035,Spain,46629.612,84.57015
LK,2035,Sri Lanka,22278.745,23.1108
PS,2035,State of Palestine,6907.306,81.26699
SD,2035,Sudan,63574.24,42.77187
SD,2035,Sudan (...2011),,
SR,2035,Suriname,681.584,68.95675
SE,2035,Sweden,11238.752,91.17237
"['LI', 'CH']",2035,"Switzerland, Liechtenstein",9377.656,76.32027
LI,2035,Liechtenstein,41.703,16.51903
CH,2035,Switzerland,9335.953,76.5874
SY,2035,Syrian Arab Republic,32839.952,64.58919
TJ,2035,Tajikistan,12364.586,33.34176
TZ,2035,"Tanzania, United Republic of",93088.536,45.90053
TH,2035,Thailand,71737.106,61.57445
TL,2035,Timor-Leste,1585.869,37.27443
TG,2035,Togo,11719.54,51.62755
TK,2035,Tokelau,2.15,0.0
TO,2035,Tonga,118.833,24.76382
TT,2035,Trinidad and Tobago,1544.56,56.4771
TN,2035,Tunisia,13449.717,74.82689
TR,2035,Türkiye,91121.385,81.92333
TM,2035,Turkmenistan,7367.831,60.75409
TC,2035,Turks and Caicos Islands,50.066,95.79583
TV,2035,Tuvalu,12.23,72.77593
UG,2035,Uganda,65647.934,34.43831
UA,2035,Ukraine,36959.76,73.18587
AE,2035,United Arab Emirates,10319.346,90.11643
GB,2035,United Kingdom,70270.167,87.19494
IM,2035,Isle of Man,86.313,57.22462
"['IM', 'GB']",2035,United Kingdom excl. Channel Islands and Isle of Man,69993.981,87.3777
US,2035,United States of America,363249.047,86.08612
"['PR', 'US']",2035,United States of America including Puerto Rico,363159.613,86.08342
PR,2035,Puerto Rico,3143.193,94.38131
US,2035,United States of America excluding Puerto Rico and United States Virgin Islands,360016.42,86.01098
VI,2035,United States Virgin Islands,89.434,97.02456
UY,2035,Uruguay,3419.085,96.62337
UZ,2035,Uzbekistan,40222.392,53.46788
VU,2035,Vanuatu,435.047,28.74615
VE,2035,Venezuela (Bolivarian Rep. of),33399.45,89.64527
VN,2035,Viet Nam,104598.253,47.90948
WF,2035,Wallis and Futuna Islands,11.232,0.0
EH,2035,Western Sahara,713.791,88.48765
YE,2035,Yemen,43861.748,47.56194
YE,2035,"Yemen, Democratic",,
ZM,2035,Zambia,27782.051,53.51344
ZW,2035,Zimbabwe,21044.297,36.42597
ZA,2035,Southern Africa,77623.238,71.91733
"['AU', 'NZ']",2035,"Europe, Northern America, Australia and New Zealand",1174754.933,81.62498
HT,2035,LDCs: Islands and Haiti,17384.557,61.4437
AF,2036,Afghanistan,57410.144,32.50689
AL,2036,Albania,2722.651,72.66438
DZ,2036,Algeria,52860.879,80.37348
AS,2036,American Samoa,38.539,88.66465
AD,2036,Andorra,82.154,88.25013
AO,2036,Angola,52652.827,75.31705
AI,2036,Anguilla,15.991,100.0
AG,2036,Antigua and Barbuda,99.245,25.97309
AR,2036,Argentina,49145.855,93.87963
AM,2036,Armenia,2718.722,67.92812
AW,2036,Aruba,102.689,48.44629
AU,2036,Australia,29541.523,88.59867
AT,2036,Austria,9066.453,64.28171
AZ,2036,Azerbaijan,10909.439,63.90735
BS,2036,Bahamas,441.526,85.86141
BH,2036,Bahrain,1649.093,91.60948
BD,2036,Bangladesh,192347.658,49.67935
BB,2036,Barbados,281.387,34.8603
BY,2036,Belarus,8954.814,85.08484
BE,2036,Belgium,11996.665,98.58059
BZ,2036,Belize,481.55,50.96843
BJ,2036,Benin,18874.268,57.63999
BM,2036,Bermuda,61.326,100.0
BT,2036,Bhutan,847.047,51.57687
BO,2036,Bolivia (Plurinational State of),14629.061,75.91248
BQ,2036,"Bonaire, Sint Eustatius and Saba",28.306,77.89921
BA,2036,Bosnia and Herzegovina,3014.271,56.77102
BW,2036,Botswana,3207.327,79.50936
BR,2036,Brazil,228304.039,90.37237
VG,2036,British Virgin Islands,33.979,55.406
BN,2036,Brunei Darussalam,486.844,82.59567
BG,2036,Bulgaria,5951.399,80.94773
BF,2036,Burkina Faso,31416.263,41.10641
BI,2036,Burundi,18217.324,20.33487
CV,2036,Cabo Verde,671.179,73.05359
KH,2036,Cambodia,18917.434,32.37849
CM,2036,Cameroon,38983.916,66.36954
CA,2036,Canada,42780.162,84.05662
KY,2036,Cayman Islands,74.859,100.0
CF,2036,Central African Republic,8423.55,51.45801
TD,2036,Chad,26409.296,30.38991
CL,2036,Chile,20379.048,89.69797
CN,2036,China,1395546.723,74.48082
HK,2036,"China, Hong Kong SAR",7400.466,100.0
MO,2036,"China, Macao SAR",805.019,100.0
"['CN', 'TW']",2036,"China, Taiwan Province of",23878.755,84.12654
CO,2036,Colombia,55614.41,85.818
KM,2036,Comoros,1049.114,34.96331
CG,2036,Congo,8062.41,74.7775
CD,2036,"Congo, Dem. Rep. of the",152323.103,55.46006
CK,2036,Cook Islands,17.415,79.33014
CR,2036,Costa Rica,5575.485,87.48741
CI,2036,Côte d'Ivoire,39169.609,59.96906
HR,2036,Croatia,3704.237,64.38633
CU,2036,Cuba,10795.857,80.11773
CW,2036,Curaçao,201.348,90.00683
CY,2036,Cyprus,997.923,69.7277
CZ,2036,Czechia,10499.897,77.74032
CZ,2036,Czechoslovakia,,
DK,2036,Denmark,6236.819,90.31065
DJ,2036,Djibouti,1336.717,81.43574
DM,2036,Dominica,75.717,75.9925
DO,2036,Dominican Republic,12443.225,89.64648
EC,2036,Ecuador,20500.994,68.87405
EG,2036,Egypt,136037.397,47.24766
SV,2036,El Salvador,6655.215,81.59777
GQ,2036,Equatorial Guinea,2245.434,79.17869
ER,2036,Eritrea,4799.286,51.58172
EE,2036,Estonia,1254.066,73.05635
SZ,2036,Eswatini,1416.343,28.38989
ET,2036,Ethiopia,168986.41,30.3169
ET,2036,Ethiopia (...1991),,
FK,2036,Falkland Islands (Malvinas),3.882,83.60882
FO,2036,Faroe Islands,56.048,46.75887
FJ,2036,Fiji,1025.842,64.55358
FI,2036,Finland,5555.219,87.52258
FR,2036,France,68774.42,85.29406
FR,2036,"France, metropolitan",66018.497,85.18801
GF,2036,French Guiana,415.44,88.94234
GP,2036,Guadeloupe,401.658,98.78579
MQ,2036,Martinique,357.206,90.92202
YT,2036,Mayotte,475.773,47.29939
MC,2036,Monaco,36.111,100.0
RE,2036,Réunion,1069.735,99.87878
PF,2036,French Polynesia,335.512,65.01404
GA,2036,Gabon,3069.919,93.59204
GM,2036,Gambia,3696.214,71.48292
GE,2036,Georgia,3580.871,66.69657
DE,2036,Germany,81910.193,80.36332
DE,2036,"Germany, Federal Republic of",,
GH,2036,Ghana,42844.158,66.59894
GI,2036,Gibraltar,32.579,100.0
GR,2036,Greece,9810.567,84.40779
GL,2036,Greenland,56.665,90.2856
GD,2036,Grenada,132.868,41.10384
GU,2036,Guam,186.724,96.04423
GT,2036,Guatemala,21574.343,59.62375
GN,2036,Guinea,18759.589,44.78346
GW,2036,Guinea-Bissau,2779.923,51.12279
GY,2036,Guyana,866.301,30.35134
HT,2036,Haiti,13488.39,68.59967
VA,2036,Holy See,0.609,100.0
HN,2036,Honduras,12605.632,67.50977
HU,2036,Hungary,9417.257,77.18914
IS,2036,Iceland,399.498,94.83807
IN,2036,India,1577302.813,43.80404
ID,2036,Indonesia,302465.687,66.17926
ID,2036,Indonesia (...2002),,
IR,2036,Iran (Islamic Republic of),95209.476,82.21373
IQ,2036,Iraq,59376.243,75.54544
IE,2036,Ireland,5429.691,69.08415
IL,2036,Israel,10971.355,94.13393
IT,2036,Italy,56232.293,76.33972
JM,2036,Jamaica,2752.526,63.34957
JP,2036,Japan,114164.955,93.30968
JO,2036,Jordan,12853.969,93.96926
KZ,2036,Kazakhstan,22398.846,62.29623
KE,2036,Kenya,70186.445,37.10599
KI,2036,Kiribati,160.708,65.22528
KP,2036,"Korea, Dem. People's Rep. of",26579.554,67.98105
KR,2036,"Korea, Republic of",50324.119,83.07344
KW,2036,Kuwait,4781.662,100.0
KG,2036,Kyrgyzstan,8029.856,44.49448
LA,2036,Lao People's Dem. Rep.,8837.553,46.86354
LV,2036,Latvia,1607.72,71.48331
LB,2036,Lebanon,4654.791,91.52096
LS,2036,Lesotho,2636.414,37.44632
LR,2036,Liberia,7064.345,60.68691
LY,2036,Libya,7802.411,85.22011
LT,2036,Lithuania,2437.128,72.71987
LU,2036,Luxembourg,727.217,93.89166
MG,2036,Madagascar,40326.745,49.08575
MW,2036,Malawi,28589.069,23.84677
MY,2036,Malaysia,38362.771,83.86273
MV,2036,Maldives,529.986,47.70365
ML,2036,Mali,33959.625,54.97688
MT,2036,Malta,542.106,95.77314
MH,2036,Marshall Islands,46.988,82.63475
MR,2036,Mauritania,6729.985,66.22778
MU,2036,Mauritius,1297.139,43.52281
MX,2036,Mexico,138844.304,85.04942
FM,2036,Micronesia (Federated States of),128.139,26.82225
MD,2036,"Moldova, Republic of",3123.061,48.32657
MN,2036,Mongolia,3965.043,72.43692
ME,2036,Montenegro,613.922,72.87902
MS,2036,Montserrat,4.182,10.71756
MA,2036,Morocco,41957.986,71.49699
MZ,2036,Mozambique,47365.952,46.57731
MM,2036,Myanmar,58454.929,38.16018
NA,2036,Namibia,3171.395,64.85298
NR,2036,Nauru,13.794,100.0
NP,2036,Nepal,34687.232,28.67282
NL,2036,Netherlands (Kingdom of the),18088.257,95.60108
NC,2036,New Caledonia,327.183,77.24411
NZ,2036,New Zealand,5674.271,88.73508
NI,2036,Nicaragua,8181.7,64.78743
NE,2036,Niger,43423.749,20.9209
NG,2036,Nigeria,297416.662,62.72354
NU,2036,Niue,1.976,55.47786
MK,2036,North Macedonia,2040.88,65.92447
MP,2036,Northern Mariana Islands,51.712,93.35573
NO,2036,Norway,5961.087,87.57592
OM,2036,Oman,5446.192,93.26508
PK,2036,Pakistan,303322.829,43.613
PW,2036,Palau,17.629,86.67749
PA,2036,Panama,5169.383,74.63683
PA,2036,"Panama, excluding Canal Zone",,
PG,2036,Papua New Guinea,12681.353,17.19658
PY,2036,Paraguay,7838.57,68.16567
PE,2036,Peru,38591.846,82.05674
PH,2036,Philippines,139105.043,53.80194
PL,2036,Poland,37799.685,63.63883
PT,2036,Portugal,9876.958,74.00454
QA,2036,Qatar,2985.916,99.61514
RO,2036,Romania,18606.572,59.1987
RU,2036,Russian Federation,138790.761,78.96173
RW,2036,Rwanda,18376.507,21.9279
BL,2036,Saint Barthélemy,11.02,98.78579
SH,2036,Saint Helena,4.53,45.21277
KN,2036,Saint Kitts and Nevis,48.27,34.3976
LC,2036,Saint Lucia,183.889,21.90021
MF,2036,Saint Martin (French part),34.316,98.78579
PM,2036,Saint Pierre and Miquelon,5.516,91.20338
VC,2036,Saint Vincent and the Grenadines,104.401,59.8296
WS,2036,Samoa,269.262,17.83419
SM,2036,San Marino,33.287,98.6572
ST,2036,Sao Tome and Principe,295.789,82.08305
SA,2036,Saudi Arabia,43195.155,87.74873
SN,2036,Senegal,24303.115,56.59514
RS,2036,Serbia,8238.502,61.76626
SC,2036,Seychelles,113.606,64.1867
SL,2036,Sierra Leone,11220.979,51.21722
SG,2036,Singapore,6376.275,100.0
SX,2036,Sint Maarten (Dutch part),44.917,100.0
SK,2036,Slovakia,5475.035,58.08638
SI,2036,Slovenia,2083.249,61.60331
SB,2036,Solomon Islands,961.667,31.56371
SO,2036,Somalia,26289.267,55.76666
ZA,2036,South Africa,67815.933,74.61738
SS,2036,South Sudan,14112.524,27.34531
ES,2036,Spain,46525.082,84.81931
LK,2036,Sri Lanka,22285.234,23.59141
PS,2036,State of Palestine,7039.101,81.57279
SD,2036,Sudan,64917.69,43.4163
SD,2036,Sudan (...2011),,
SR,2036,Suriname,685.561,69.27018
SE,2036,Sweden,11282.736,91.33723
"['LI', 'CH']",2036,"Switzerland, Liechtenstein",9411.676,76.59927
LI,2036,Liechtenstein,41.806,16.76648
CH,2036,Switzerland,9369.87,76.86623
SY,2036,Syrian Arab Republic,33346.683,65.13788
TJ,2036,Tajikistan,12560.173,33.93374
TZ,2036,"Tanzania, United Republic of",95413.992,46.56693
TH,2036,Thailand,71612.807,62.17288
TL,2036,Timor-Leste,1603.089,37.69342
TG,2036,Togo,11959.996,52.23708
TK,2036,Tokelau,2.168,0.0
TO,2036,Tonga,119.784,25.00078
TT,2036,Trinidad and Tobago,1542.899,56.88073
TN,2036,Tunisia,13514.365,75.2012
TR,2036,Türkiye,91533.912,82.22864
TM,2036,Turkmenistan,7434.587,61.32111
TC,2036,Turks and Caicos Islands,50.335,95.87033
TV,2036,Tuvalu,12.296,73.15833
UG,2036,Uganda,67116.524,35.08856
UA,2036,Ukraine,36698.493,73.51614
AE,2036,United Arab Emirates,10384.576,90.28301
GB,2036,United Kingdom,70417.62,87.40462
IM,2036,Isle of Man,86.398,57.63401
"['IM', 'GB']",2036,United Kingdom excl. Channel Islands and Isle of Man,70140.305,87.58733
US,2036,United States of America,364662.169,86.31509
"['PR', 'US']",2036,United States of America including Puerto Rico,364573.519,86.31248
PR,2036,Puerto Rico,3116.945,94.47629
US,2036,United States of America excluding Puerto Rico and United States Virgin Islands,361456.574,86.24208
VI,2036,United States Virgin Islands,88.65,97.07082
UY,2036,Uruguay,3417.374,96.68367
UZ,2036,Uzbekistan,40589.997,53.88732
VU,2036,Vanuatu,444.151,29.05102
VE,2036,Venezuela (Bolivarian Rep. of),33634.577,89.78133
VN,2036,Viet Nam,104900.707,48.58307
WF,2036,Wallis and Futuna Islands,11.245,0.0
EH,2036,Western Sahara,723.764,88.62932
YE,2036,Yemen,44649.427,48.20684
YE,2036,"Yemen, Democratic",,
ZM,2036,Zambia,28412.879,54.11918
ZW,2036,Zimbabwe,21420.364,36.96242
ZA,2036,Southern Africa,78247.412,72.33298
"['AU', 'NZ']",2036,"Europe, Northern America, Australia and New Zealand",1175262.389,81.91396
HT,2036,LDCs: Islands and Haiti,17571.053,61.94395
AF,2037,Afghanistan,58600.249,33.05247
AL,2037,Albania,2708.322,73.10727
DZ,2037,Algeria,53371.371,80.69348
AS,2037,American Samoa,38.12,88.82775
AD,2037,Andorra,82.189,88.35794
AO,2037,Angola,53998.512,75.73119
AI,2037,Anguilla,15.969,100.0
AG,2037,Antigua and Barbuda,99.421,26.24614
AR,2037,Argentina,49373.724,93.98065
AM,2037,Armenia,2710.501,68.38843
AW,2037,Aruba,102.241,48.88638
AU,2037,Australia,29750.263,88.76875
AT,2037,Austria,9063.229,64.72731
AZ,2037,Azerbaijan,10934.405,64.43578
BS,2037,Bahamas,443.039,86.0597
BH,2037,Bahrain,1661.491,91.73368
BD,2037,Bangladesh,193472.026,50.30254
BB,2037,Barbados,280.849,35.27312
BY,2037,Belarus,8914.126,85.35582
BE,2037,Belgium,12013.501,98.60579
BZ,2037,Belize,486.398,51.40793
BJ,2037,Benin,19303.369,58.21873
BM,2037,Bermuda,61.041,100.0
BT,2037,Bhutan,850.697,52.01483
BO,2037,Bolivia (Plurinational State of),14788.62,76.27578
BQ,2037,"Bonaire, Sint Eustatius and Saba",28.361,78.16271
BA,2037,Bosnia and Herzegovina,2996.445,57.33071
BW,2037,Botswana,3244.988,79.89945
BR,2037,Brazil,228848.367,90.53971
VG,2037,British Virgin Islands,34.116,55.83921
BN,2037,Brunei Darussalam,488.611,82.83171
BG,2037,Bulgaria,5894.951,81.25609
BF,2037,Burkina Faso,32074.082,41.76666
BI,2037,Burundi,18639.033,20.81944
CV,2037,Cabo Verde,676.185,73.39794
KH,2037,Cambodia,19043.897,32.96718
CM,2037,Cameroon,39833.668,66.87744
CA,2037,Canada,43051.176,84.27629
KY,2037,Cayman Islands,75.111,100.0
CF,2037,Central African Republic,8646.9,52.09295
TD,2037,Chad,27095.478,30.98883
CL,2037,Chile,20436.429,89.85173
CN,2037,China,1391338.42,75.01356
HK,2037,"China, Hong Kong SAR",7379.746,100.0
MO,2037,"China, Macao SAR",811.15,100.0
"['CN', 'TW']",2037,"China, Taiwan Province of",23824.25,84.38695
CO,2037,Colombia,55809.1,86.05538
KM,2037,Comoros,1063.78,35.37823
CG,2037,Congo,8225.004,75.17871
CD,2037,"Congo, Dem. Rep. of the",156665.737,56.0717
CK,2037,Cook Islands,17.438,79.58524
CR,2037,Costa Rica,5594.607,87.6952
CI,2037,Côte d'Ivoire,40018.237,60.51691
HR,2037,Croatia,3678.832,64.90431
CU,2037,Cuba,10753.317,80.38477
CW,2037,Curaçao,201.778,90.15235
CY,2037,Cyprus,1002.419,70.06545
CZ,2037,Czechia,10499.2,78.04542
CZ,2037,Czechoslovakia,,
DK,2037,Denmark,6255.495,90.45758
DJ,2037,Djibouti,1350.696,81.68504
DM,2037,Dominica,75.743,76.29646
DO,2037,Dominican Republic,12511.883,89.89215
EC,2037,Ecuador,20655.436,69.26829
EG,2037,Egypt,137892.015,47.75195
SV,2037,El Salvador,6665.414,81.94311
GQ,2037,Equatorial Guinea,2286.181,79.47468
ER,2037,Eritrea,4885.821,52.20143
EE,2037,Estonia,1248.225,73.34928
SZ,2037,Eswatini,1434.924,28.73328
ET,2037,Ethiopia,172252.603,30.91563
ET,2037,Ethiopia (...1991),,
FK,2037,Falkland Islands (Malvinas),3.882,83.85093
FO,2037,Faroe Islands,56.315,47.13309
FJ,2037,Fiji,1031.992,64.96647
FI,2037,Finland,5551.302,87.69302
FR,2037,France,68845.808,85.52975
FR,2037,"France, metropolitan",66064.851,85.43444
GF,2037,French Guiana,423.688,89.10202
GP,2037,Guadeloupe,401.582,98.80478
MQ,2037,Martinique,356.058,91.05556
YT,2037,Mayotte,487.988,47.67517
MC,2037,Monaco,36.184,100.0
RE,2037,Réunion,1075.457,99.88067
PF,2037,French Polynesia,336.991,65.31132
GA,2037,Gabon,3119.671,93.71328
GM,2037,Gambia,3768.766,71.93732
GE,2037,Georgia,3567.591,67.17322
DE,2037,Germany,81742.143,80.63505
DE,2037,"Germany, Federal Republic of",,
GH,2037,Ghana,43533.065,67.09373
GI,2037,Gibraltar,32.523,100.0
GR,2037,Greece,9768.566,84.66386
GL,2037,Greenland,56.526,90.4358
GD,2037,Grenada,133.233,41.53752
GU,2037,Guam,187.62,96.10467
GT,2037,Guatemala,21824.411,60.17877
GN,2037,Guinea,19115.845,45.38951
GW,2037,Guinea-Bissau,2829.211,51.56248
GY,2037,Guyana,868.452,30.709
HT,2037,Haiti,13616.339,69.13701
VA,2037,Holy See,0.617,100.0
HN,2037,Honduras,12742.317,68.01133
HU,2037,Hungary,9375.191,77.53444
IS,2037,Iceland,400.7,94.90848
IN,2037,India,1586438.621,44.44081
ID,2037,Indonesia,303988.726,66.70235
ID,2037,Indonesia (...2002),,
IR,2037,Iran (Islamic Republic of),95548.456,82.52938
IQ,2037,Iraq,60484.498,75.89642
IE,2037,Ireland,5455.791,69.50048
IL,2037,Israel,11112.888,94.23331
IT,2037,Italy,55996.946,76.68824
JM,2037,Jamaica,2740.318,63.87785
JP,2037,Japan,113416.742,93.41284
JO,2037,Jordan,13027.576,94.08298
KZ,2037,Kazakhstan,22616.594,62.73132
KE,2037,Kenya,71342.689,37.73945
KI,2037,Kiribati,162.654,65.67212
KP,2037,"Korea, Dem. People's Rep. of",26553.492,68.41678
KR,2037,"Korea, Republic of",50097.849,83.28528
KW,2037,Kuwait,4819.257,100.0
KG,2037,Kyrgyzstan,8132.208,45.13783
LA,2037,Lao People's Dem. Rep.,8917.466,47.51572
LV,2037,Latvia,1593.821,71.77815
LB,2037,Lebanon,4673.485,91.66564
LS,2037,Lesotho,2657.782,38.05078
LR,2037,Liberia,7196.805,61.24809
LY,2037,Libya,7867.801,85.47223
LT,2037,Lithuania,2417.606,73.09772
LU,2037,Luxembourg,731.798,93.98357
MG,2037,Madagascar,41120.987,49.72084
MW,2037,Malawi,29206.646,24.38127
MY,2037,Malaysia,38605.692,84.16428
MV,2037,Maldives,532.965,48.14638
ML,2037,Mali,34881.647,55.57989
MT,2037,Malta,541.163,95.83505
MH,2037,Marshall Islands,47.356,82.87073
MR,2037,Mauritania,6884.282,66.75647
MU,2037,Mauritius,1294.443,43.87694
MX,2037,Mexico,139455.296,85.29652
FM,2037,Micronesia (Federated States of),128.917,27.18394
MD,2037,"Moldova, Republic of",3112.811,48.8838
MN,2037,Mongolia,4004.952,72.78206
ME,2037,Montenegro,612.346,73.21061
MS,2037,Montserrat,4.159,10.90308
MA,2037,Morocco,42225.957,71.94503
MZ,2037,Mozambique,48466.889,47.20389
MM,2037,Myanmar,58646.78,38.7504
NA,2037,Namibia,3215.247,65.44731
NR,2037,Nauru,13.868,100.0
NP,2037,Nepal,34918.056,29.25205
NL,2037,Netherlands (Kingdom of the),18096.419,95.70969
NC,2037,New Caledonia,329.447,77.54849
NZ,2037,New Zealand,5699.822,88.89737
NI,2037,Nicaragua,8258.476,65.24293
NE,2037,Niger,44909.74,21.37463
NG,2037,Nigeria,303246.595,63.2618
NU,2037,Niue,1.988,55.88406
MK,2037,North Macedonia,2033.842,66.44101
MP,2037,Northern Mariana Islands,51.736,93.45577
NO,2037,Norway,5994.456,87.80061
OM,2037,Oman,5505.926,93.45007
PK,2037,Pakistan,308188.654,44.16046
PW,2037,Palau,17.57,86.90124
PA,2037,Panama,5216.94,75.03631
PA,2037,"Panama, excluding Canal Zone",,
PG,2037,Papua New Guinea,12854.191,17.61048
PY,2037,Paraguay,7902.181,68.59571
PE,2037,Peru,38884.546,82.31874
PH,2037,Philippines,140621.204,54.33233
PL,2037,Poland,37620.296,64.06896
PT,2037,Portugal,9842.256,74.41007
QA,2037,Qatar,3010.424,99.62483
RO,2037,Romania,18531.225,59.69969
RU,2037,Russian Federation,138360.672,79.29901
RW,2037,Rwanda,18714.064,22.39574
BL,2037,Saint Barthélemy,10.986,98.80478
SH,2037,Saint Helena,4.474,45.64162
KN,2037,Saint Kitts and Nevis,48.236,34.8067
LC,2037,Saint Lucia,183.794,22.20637
MF,2037,Saint Martin (French part),34.438,98.80478
PM,2037,Saint Pierre and Miquelon,5.494,91.35006
VC,2037,Saint Vincent and the Grenadines,104.348,60.24779
WS,2037,Samoa,272.837,17.99365
SM,2037,San Marino,33.248,98.69223
ST,2037,Sao Tome and Principe,301.024,82.34332
SA,2037,Saudi Arabia,43627.94,87.95299
SN,2037,Senegal,24860.626,57.16752
RS,2037,Serbia,8187.157,62.23132
SC,2037,Seychelles,113.944,64.58711
SL,2037,Sierra Leone,11402.875,51.80233
SG,2037,Singapore,6387.977,100.0
SX,2037,Sint Maarten (Dutch part),44.761,100.0
SK,2037,Slovakia,5457.575,58.58319
SI,2037,Slovenia,2078.881,62.10299
SB,2037,Solomon Islands,979.865,31.95875
SO,2037,Somalia,26980.593,56.36254
ZA,2037,South Africa,68308.246,75.0182
SS,2037,South Sudan,14371.522,27.91916
ES,2037,Spain,46414.916,85.06708
LK,2037,Sri Lanka,22287.571,24.09793
PS,2037,State of Palestine,7171.18,81.87472
SD,2037,Sudan,66271.201,44.06296
SD,2037,Sudan (...2011),,
SR,2037,Suriname,689.374,69.59797
SE,2037,Sweden,11326.611,91.49695
"['LI', 'CH']",2037,"Switzerland, Liechtenstein",9444.739,76.88897
LI,2037,Liechtenstein,41.892,17.02816
CH,2037,Switzerland,9402.847,77.15566
SY,2037,Syrian Arab Republic,33825.539,65.67768
TJ,2037,Tajikistan,12757.794,34.54939
TZ,2037,"Tanzania, United Republic of",97765.602,47.22289
TH,2037,Thailand,71469.353,62.75974
TL,2037,Timor-Leste,1619.889,38.11478
TG,2037,Togo,12202.363,52.84652
TK,2037,Tokelau,2.189,0.0
TO,2037,Tonga,120.733,25.25509
TT,2037,Trinidad and Tobago,1540.902,57.30605
TN,2037,Tunisia,13578.685,75.57651
TR,2037,Türkiye,91933.341,82.5239
TM,2037,Turkmenistan,7501.167,61.88508
TC,2037,Turks and Caicos Islands,50.59,95.93804
TV,2037,Tuvalu,12.36,73.52592
UG,2037,Uganda,68590.124,35.73749
UA,2037,Ukraine,36438.537,73.85585
AE,2037,United Arab Emirates,10451.479,90.44709
GB,2037,United Kingdom,70561.171,87.61093
IM,2037,Isle of Man,86.479,58.05731
"['IM', 'GB']",2037,United Kingdom excl. Channel Islands and Isle of Man,70282.755,87.79349
US,2037,United States of America,366020.22,86.54132
"['PR', 'US']",2037,United States of America including Puerto Rico,365932.344,86.53878
PR,2037,Puerto Rico,3090.506,94.56983
US,2037,United States of America excluding Puerto Rico and United States Virgin Islands,362841.838,86.47038
VI,2037,United States Virgin Islands,87.876,97.11601
UY,2037,Uruguay,3415.209,96.74254
UZ,2037,Uzbekistan,40955.389,54.33248
VU,2037,Vanuatu,453.374,29.36821
VE,2037,Venezuela (Bolivarian Rep. of),33859.303,89.92187
VN,2037,Viet Nam,105180.604,49.24933
WF,2037,Wallis and Futuna Islands,11.262,0.0
EH,2037,Western Sahara,733.63,88.77417
YE,2037,Yemen,45436.698,48.85233
YE,2037,"Yemen, Democratic",,
ZM,2037,Zambia,29047.769,54.72052
ZW,2037,Zimbabwe,21795.71,37.53169
ZA,2037,Southern Africa,78861.187,72.74078
"['AU', 'NZ']",2037,"Europe, Northern America, Australia and New Zealand",1175658.924,82.20408
HT,2037,LDCs: Islands and Haiti,17755.911,62.4278
AF,2038,Afghanistan,59792.941,33.61478
AL,2038,Albania,2693.123,73.52449
DZ,2038,Algeria,53883.769,81.0095
AS,2038,American Samoa,37.7,88.98891
AD,2038,Andorra,82.218,88.47427
AO,2038,Angola,55355.639,76.1316
AI,2038,Anguilla,15.946,100.0
AG,2038,Antigua and Barbuda,99.57,26.54162
AR,2038,Argentina,49595.17,94.08047
AM,2038,Armenia,2701.923,68.86311
AW,2038,Aruba,101.769,49.32835
AU,2038,Australia,29955.53,88.94049
AT,2038,Austria,9058.835,65.18228
AZ,2038,Azerbaijan,10955.609,64.96071
BS,2038,Bahamas,444.418,86.25545
BH,2038,Bahrain,1673.928,91.85621
BD,2038,Bangladesh,194542.147,50.92804
BB,2038,Barbados,280.235,35.68788
BY,2038,Belarus,8874.163,85.61845
BE,2038,Belgium,12029.156,98.63037
BZ,2038,Belize,491.158,51.84733
BJ,2038,Benin,19737.07,58.79359
BM,2038,Bermuda,60.745,100.0
BT,2038,Bhutan,854.14,52.45287
BO,2038,Bolivia (Plurinational State of),14945.408,76.63788
BQ,2038,"Bonaire, Sint Eustatius and Saba",28.409,78.4332
BA,2038,Bosnia and Herzegovina,2978.236,57.8959
BW,2038,Botswana,3282.099,80.27381
BR,2038,Brazil,229332.682,90.70289
VG,2038,British Virgin Islands,34.237,56.27271
BN,2038,Brunei Darussalam,490.225,83.0654
BG,2038,Bulgaria,5838.741,81.56133
BF,2038,Burkina Faso,32733.314,42.42337
BI,2038,Burundi,19066.058,21.31247
CV,2038,Cabo Verde,681.044,73.73588
KH,2038,Cambodia,19166.243,33.56399
CM,2038,Cameroon,40690.719,67.38144
CA,2038,Canada,43315.598,84.50167
KY,2038,Cayman Islands,75.342,100.0
CF,2038,Central African Republic,8870.492,52.72721
TD,2038,Chad,27791.218,31.5942
CL,2038,Chile,20487.618,90.00796
CN,2038,China,1386952.006,75.51667
HK,2038,"China, Hong Kong SAR",7357.445,100.0
MO,2038,"China, Macao SAR",817.113,100.0
"['CN', 'TW']",2038,"China, Taiwan Province of",23761.037,84.64439
CO,2038,Colombia,55987.723,86.28942
KM,2038,Comoros,1078.375,35.79535
CG,2038,Congo,8388.788,75.57563
CD,2038,"Congo, Dem. Rep. of the",161055.774,56.6815
CK,2038,Cook Islands,17.466,79.8384
CR,2038,Costa Rica,5612.274,87.90035
CI,2038,Côte d'Ivoire,40870.342,61.06519
HR,2038,Croatia,3653.156,65.42061
CU,2038,Cuba,10708.951,80.65958
CW,2038,Curaçao,202.164,90.29629
CY,2038,Cyprus,1006.721,70.41932
CZ,2038,Czechia,10499.538,78.35717
CZ,2038,Czechoslovakia,,
DK,2038,Denmark,6273.36,90.60503
DJ,2038,Djibouti,1364.395,81.93173
DM,2038,Dominica,75.745,76.59799
DO,2038,Dominican Republic,12578.04,90.12075
EC,2038,Ecuador,20805.883,69.67191
EG,2038,Egypt,139742.335,48.28166
SV,2038,El Salvador,6673.556,82.27171
GQ,2038,Equatorial Guinea,2326.72,79.76172
ER,2038,Eritrea,4972.303,52.82047
EE,2038,Estonia,1242.444,73.64751
SZ,2038,Eswatini,1453.393,29.08673
ET,2038,Ethiopia,175514.171,31.51949
ET,2038,Ethiopia (...1991),,
FK,2038,Falkland Islands (Malvinas),3.88,84.05947
FO,2038,Faroe Islands,56.581,47.51745
FJ,2038,Fiji,1038.011,65.37385
FI,2038,Finland,5546.832,87.86745
FR,2038,France,68908.584,85.76219
FR,2038,"France, metropolitan",66102.758,85.67745
GF,2038,French Guiana,431.955,89.25963
GP,2038,Guadeloupe,401.377,98.82343
MQ,2038,Martinique,354.798,91.18711
YT,2038,Mayotte,500.453,48.08386
MC,2038,Monaco,36.257,100.0
RE,2038,Réunion,1080.986,99.88261
PF,2038,French Polynesia,338.387,65.62036
GA,2038,Gabon,3169.407,93.82586
GM,2038,Gambia,3841.11,72.37834
GE,2038,Georgia,3554.286,67.65019
DE,2038,Germany,81569.127,80.91494
DE,2038,"Germany, Federal Republic of",,
GH,2038,Ghana,44223.24,67.58645
GI,2038,Gibraltar,32.468,100.0
GR,2038,Greece,9726.29,84.91698
GL,2038,Greenland,56.371,90.58115
GD,2038,Grenada,133.581,41.97311
GU,2038,Guam,188.487,96.16424
GT,2038,Guatemala,22070.798,60.73604
GN,2038,Guinea,19471.305,46.00609
GW,2038,Guinea-Bissau,2878.439,52.00192
GY,2038,Guyana,870.38,31.08378
HT,2038,Haiti,13743.136,69.65269
VA,2038,Holy See,0.626,100.0
HN,2038,Honduras,12876.433,68.50264
HU,2038,Hungary,9332.392,77.88001
IS,2038,Iceland,401.804,94.98014
IN,2038,India,1595245.783,45.08183
ID,2038,Indonesia,305448.276,67.21503
ID,2038,Indonesia (...2002),,
IR,2038,Iran (Islamic Republic of),95879.769,82.83619
IQ,2038,Iraq,61591.674,76.25212
IE,2038,Ireland,5481.441,69.92337
IL,2038,Israel,11255.159,94.3311
IT,2038,Italy,55756.846,77.03724
JM,2038,Jamaica,2727.072,64.40466
JP,2038,Japan,112664.566,93.51641
JO,2038,Jordan,13200.576,94.19235
KZ,2038,Kazakhstan,22836.868,63.18124
KE,2038,Kenya,72493.659,38.37712
KI,2038,Kiribati,164.613,66.10027
KP,2038,"Korea, Dem. People's Rep. of",26521.434,68.85977
KR,2038,"Korea, Republic of",49854.467,83.50772
KW,2038,Kuwait,4856.708,100.0
KG,2038,Kyrgyzstan,8235.389,45.7828
LA,2038,Lao People's Dem. Rep.,8995.35,48.16305
LV,2038,Latvia,1580.292,72.08306
LB,2038,Lebanon,4695.407,91.80808
LS,2038,Lesotho,2678.823,38.66289
LR,2038,Liberia,7329.593,61.80629
LY,2038,Libya,7931.947,85.72076
LT,2038,Lithuania,2398.329,73.4829
LU,2038,Luxembourg,736.26,94.07425
MG,2038,Madagascar,41918.817,50.35602
MW,2038,Malawi,29825.538,24.92382
MY,2038,Malaysia,38838.995,84.45382
MV,2038,Maldives,535.943,48.58881
ML,2038,Mali,35811.41,56.18127
MT,2038,Malta,540.076,95.8966
MH,2038,Marshall Islands,47.719,83.10387
MR,2038,Mauritania,7038.82,67.26524
MU,2038,Mauritius,1291.363,44.25265
MX,2038,Mexico,140028.842,85.54023
FM,2038,Micronesia (Federated States of),129.65,27.54931
MD,2038,"Moldova, Republic of",3102.423,49.46413
MN,2038,Mongolia,4045.479,73.13766
ME,2038,Montenegro,610.696,73.53975
MS,2038,Montserrat,4.135,11.09685
MA,2038,Morocco,42488.389,72.38581
MZ,2038,Mozambique,49574.698,47.83186
MM,2038,Myanmar,58823.107,39.35721
NA,2038,Namibia,3259.286,66.01624
NR,2038,Nauru,13.944,100.0
NP,2038,Nepal,35141.522,29.83994
NL,2038,Netherlands (Kingdom of the),18100.104,95.8102
NC,2038,New Caledonia,331.656,77.84693
NZ,2038,New Zealand,5724.319,89.06261
NI,2038,Nicaragua,8333.755,65.70696
NE,2038,Niger,46431.153,21.85312
NG,2038,Nigeria,309097.424,63.79678
NU,2038,Niue,1.996,56.35104
MK,2038,North Macedonia,2026.372,66.95367
MP,2038,Northern Mariana Islands,51.736,93.5534
NO,2038,Norway,6027.403,88.0187
OM,2038,Oman,5566.306,93.61642
PK,2038,Pakistan,313022.074,44.72393
PW,2038,Palau,17.506,87.11427
PA,2038,Panama,5263.458,75.43158
PA,2038,"Panama, excluding Canal Zone",,
PG,2038,Papua New Guinea,13025.474,18.04781
PY,2038,Paraguay,7964.226,69.03015
PE,2038,Peru,39169.734,82.58255
PH,2038,Philippines,142116.809,54.87588
PL,2038,Poland,37434.342,64.52018
PT,2038,Portugal,9806.203,74.81262
QA,2038,Qatar,3035.693,99.63349
RO,2038,Romania,18454.237,60.21946
RU,2038,Russian Federation,137938.508,79.63312
RW,2038,Rwanda,19051.669,22.88826
BL,2038,Saint Barthélemy,10.947,98.82343
SH,2038,Saint Helena,4.42,46.08615
KN,2038,Saint Kitts and Nevis,48.191,35.22007
LC,2038,Saint Lucia,183.636,22.52817
MF,2038,Saint Martin (French part),34.561,98.82343
PM,2038,Saint Pierre and Miquelon,5.473,91.45609
VC,2038,Saint Vincent and the Grenadines,104.277,60.66423
WS,2038,Samoa,276.442,18.17387
SM,2038,San Marino,33.203,98.72422
ST,2038,Sao Tome and Principe,306.261,82.58237
SA,2038,Saudi Arabia,44053.187,88.15431
SN,2038,Senegal,25424.698,57.74154
RS,2038,Serbia,8134.884,62.70938
SC,2038,Seychelles,114.267,64.98494
SL,2038,Sierra Leone,11583.095,52.3928
SG,2038,Singapore,6397.036,100.0
SX,2038,Sint Maarten (Dutch part),44.551,100.0
SK,2038,Slovakia,5439.248,59.10335
SI,2038,Slovenia,2074.358,62.61087
SB,2038,Solomon Islands,998.284,32.35649
SO,2038,Somalia,27679.425,56.95419
ZA,2038,South Africa,68788.495,75.41028
SS,2038,South Sudan,14628.915,28.50031
ES,2038,Spain,46299.435,85.31293
LK,2038,Sri Lanka,22285.269,24.62964
PS,2038,State of Palestine,7303.44,82.17277
SD,2038,Sudan,67632.933,44.71164
SD,2038,Sudan (...2011),,
SR,2038,Suriname,693.015,69.93946
SE,2038,Sweden,11370.307,91.65161
"['LI', 'CH']",2038,"Switzerland, Liechtenstein",9476.815,77.18879
LI,2038,Liechtenstein,41.966,17.29364
CH,2038,Switzerland,9434.849,77.4552
SY,2038,Syrian Arab Republic,34279.788,66.20826
TJ,2038,Tajikistan,12956.641,35.17241
TZ,2038,"Tanzania, United Republic of",100141.517,47.86687
TH,2038,Thailand,71305.381,63.33468
TL,2038,Timor-Leste,1636.299,38.53831
TG,2038,Togo,12446.712,53.4551
TK,2038,Tokelau,2.213,0.0
TO,2038,Tonga,121.669,25.526
TT,2038,Trinidad and Tobago,1538.563,57.73077
TN,2038,Tunisia,13642.656,75.95233
TR,2038,Türkiye,92322.146,82.80874
TM,2038,Turkmenistan,7567.351,62.44586
TC,2038,Turks and Caicos Islands,50.839,96.00143
TV,2038,Tuvalu,12.418,73.87009
UG,2038,Uganda,70067.152,36.38415
UA,2038,Ukraine,36178.944,74.2045
AE,2038,United Arab Emirates,10520.193,90.60868
GB,2038,United Kingdom,70700.9,87.81469
IM,2038,Isle of Man,86.554,58.47881
"['IM', 'GB']",2038,United Kingdom excl. Channel Islands and Isle of Man,70421.425,87.99704
US,2038,United States of America,367312.152,86.76441
"['PR', 'US']",2038,United States of America including Puerto Rico,367225.046,86.76195
PR,2038,Puerto Rico,3063.872,94.66188
US,2038,United States of America excluding Puerto Rico and United States Virgin Islands,364161.174,86.69548
VI,2038,United States Virgin Islands,87.106,97.16109
UY,2038,Uruguay,3412.541,96.79997
UZ,2038,Uzbekistan,41320.935,54.80288
VU,2038,Vanuatu,462.717,29.69756
VE,2038,Venezuela (Bolivarian Rep. of),34072.37,90.06666
VN,2038,Viet Nam,105437.667,49.90749
WF,2038,Wallis and Futuna Islands,11.281,0.0
EH,2038,Western Sahara,743.4,88.92201
YE,2038,Yemen,46222.091,49.49821
YE,2038,"Yemen, Democratic",,
ZM,2038,Zambia,29687.072,55.32278
ZW,2038,Zimbabwe,22169.385,38.13318
ZA,2038,Southern Africa,79462.096,73.13974
"['AU', 'NZ']",2038,"Europe, Northern America, Australia and New Zealand",1175936.209,82.49405
HT,2038,LDCs: Islands and Haiti,17939.386,62.89504
AF,2039,Afghanistan,60985.59,34.19353
AL,2039,Albania,2677.082,73.93884
DZ,2039,Algeria,54398.757,81.32154
AS,2039,American Samoa,37.294,89.14761
AD,2039,Andorra,82.227,88.60049
AO,2039,Angola,56723.291,76.51802
AI,2039,Anguilla,15.914,100.0
AG,2039,Antigua and Barbuda,99.689,26.85958
AR,2039,Argentina,49808.558,94.17908
AM,2039,Armenia,2693.021,69.33545
AW,2039,Aruba,101.272,49.76917
AU,2039,Australia,30157.199,89.11368
AT,2039,Austria,9053.46,65.64603
AZ,2039,Azerbaijan,10972.311,65.48204
BS,2039,Bahamas,445.659,86.44903
BH,2039,Bahrain,1686.356,91.97704
BD,2039,Bangladesh,195558.997,51.55325
BB,2039,Barbados,279.54,36.1047
BY,2039,Belarus,8834.815,85.87287
BE,2039,Belgium,12043.628,98.65437
BZ,2039,Belize,495.805,52.28619
BJ,2039,Benin,20176.029,59.36232
BM,2039,Bermuda,60.434,100.0
BT,2039,Bhutan,857.356,52.8905
BO,2039,Bolivia (Plurinational State of),15099.347,76.99847
BQ,2039,"Bonaire, Sint Eustatius and Saba",28.455,78.71388
BA,2039,Bosnia and Herzegovina,2959.706,58.46532
BW,2039,Botswana,3318.773,80.63276
BR,2039,Brazil,229759.755,90.86193
VG,2039,British Virgin Islands,34.349,56.70479
BN,2039,Brunei Darussalam,491.692,83.29661
BG,2039,Bulgaria,5782.742,81.8627
BF,2039,Burkina Faso,33392.206,43.07539
BI,2039,Burundi,19496.105,21.81396
CV,2039,Cabo Verde,685.74,74.06741
KH,2039,Cambodia,19283.61,34.16842
CM,2039,Cameroon,41554.156,67.88145
CA,2039,Canada,43572.77,84.73238
KY,2039,Cayman Islands,75.559,100.0
CF,2039,Central African Republic,9093.368,53.3606
TD,2039,Chad,28494.382,32.20587
CL,2039,Chile,20532.535,90.16641
CN,2039,China,1382367.124,75.99075
HK,2039,"China, Hong Kong SAR",7333.541,100.0
MO,2039,"China, Macao SAR",822.949,100.0
"['CN', 'TW']",2039,"China, Taiwan Province of",23689.05,84.89835
CO,2039,Colombia,56150.514,86.52014
KM,2039,Comoros,1092.92,36.21462
CG,2039,Congo,8553.623,75.96824
CD,2039,"Congo, Dem. Rep. of the",165502.851,57.28928
CK,2039,Cook Islands,17.49,80.0903
CR,2039,Costa Rica,5628.343,88.10254
CI,2039,Côte d'Ivoire,41725.787,61.61272
HR,2039,Croatia,3627.181,65.93329
CU,2039,Cuba,10662.877,80.94163
CW,2039,Curaçao,202.506,90.43758
CY,2039,Cyprus,1010.842,70.77096
CZ,2039,Czechia,10501.215,78.67506
CZ,2039,Czechoslovakia,,
DK,2039,Denmark,6290.573,90.75281
DJ,2039,Djibouti,1377.832,82.17591
DM,2039,Dominica,75.722,76.89658
DO,2039,Dominican Republic,12641.774,90.33304
EC,2039,Ecuador,20952.371,70.08436
EG,2039,Egypt,141589.905,48.83624
SV,2039,El Salvador,6679.834,82.58385
GQ,2039,Equatorial Guinea,2367.028,80.04001
ER,2039,Eritrea,5058.644,53.43864
EE,2039,Estonia,1236.71,73.95082
SZ,2039,Eswatini,1471.679,29.45023
ET,2039,Ethiopia,178779.627,32.12789
ET,2039,Ethiopia (...1991),,
FK,2039,Falkland Islands (Malvinas),3.879,84.29066
FO,2039,Faroe Islands,56.839,47.91299
FJ,2039,Fiji,1043.85,65.77573
FI,2039,Finland,5541.771,88.04564
FR,2039,France,68961.848,85.99144
FR,2039,"France, metropolitan",66131.331,85.91707
GF,2039,French Guiana,440.243,89.4153
GP,2039,Guadeloupe,401.039,98.84203
MQ,2039,Martinique,353.414,91.31702
YT,2039,Mayotte,513.157,48.52463
MC,2039,Monaco,36.35,100.0
RE,2039,Réunion,1086.314,99.8844
PF,2039,French Polynesia,339.69,65.94064
GA,2039,Gabon,3219.237,93.93015
GM,2039,Gambia,3913.159,72.80487
GE,2039,Georgia,3540.851,68.12679
DE,2039,Germany,81389.361,81.20243
DE,2039,"Germany, Federal Republic of",,
GH,2039,Ghana,44910.363,68.07529
GI,2039,Gibraltar,32.406,100.0
GR,2039,Greece,9683.69,85.16666
GL,2039,Greenland,56.208,90.72448
GD,2039,Grenada,133.905,42.4101
GU,2039,Guam,189.313,96.2235
GT,2039,Guatemala,22313.313,61.29258
GN,2039,Guinea,19827.66,46.6319
GW,2039,Guinea-Bissau,2927.526,52.44104
GY,2039,Guyana,872.1,31.47537
HT,2039,Haiti,13867.905,70.14655
VA,2039,Holy See,0.635,100.0
HN,2039,Honduras,13007.53,68.98296
HU,2039,Hungary,9289.117,78.2254
IS,2039,Iceland,402.812,95.05263
IN,2039,India,1603664.86,45.72448
ID,2039,Indonesia,306842.611,67.71676
ID,2039,Indonesia (...2002),,
IR,2039,Iran (Islamic Republic of),96203.069,83.13422
IQ,2039,Iraq,62695.913,76.61194
IE,2039,Ireland,5506.567,70.35222
IL,2039,Israel,11398.331,94.42733
IT,2039,Italy,55510.87,77.38639
JM,2039,Jamaica,2712.812,64.92803
JP,2039,Japan,111910.716,93.6203
JO,2039,Jordan,13371.14,94.29748
KZ,2039,Kazakhstan,23059.676,63.64535
KE,2039,Kenya,73634.414,39.01881
KI,2039,Kiribati,166.589,66.51149
KP,2039,"Korea, Dem. People's Rep. of",26484.115,69.30926
KR,2039,"Korea, Republic of",49594.904,83.74025
KW,2039,Kuwait,4893.652,100.0
KG,2039,Kyrgyzstan,8339.337,46.42919
LA,2039,Lao People's Dem. Rep.,9071.242,48.80447
LV,2039,Latvia,1567.064,72.39769
LB,2039,Lebanon,4718.509,91.94829
LS,2039,Lesotho,2699.646,39.2821
LR,2039,Liberia,7462.143,62.3614
LY,2039,Libya,7994.743,85.96576
LT,2039,Lithuania,2379.311,73.8748
LU,2039,Luxembourg,740.621,94.16362
MG,2039,Madagascar,42720.774,50.99108
MW,2039,Malawi,30443.121,25.47439
MY,2039,Malaysia,39063.349,84.73157
MV,2039,Maldives,538.923,49.03045
ML,2039,Mali,36745.659,56.78083
MT,2039,Malta,538.874,95.95809
MH,2039,Marshall Islands,48.078,83.33388
MR,2039,Mauritania,7193.387,67.75273
MU,2039,Mauritius,1287.886,44.6499
MX,2039,Mexico,140561.518,85.78057
FM,2039,Micronesia (Federated States of),130.339,27.91771
MD,2039,"Moldova, Republic of",3091.956,50.06635
MN,2039,Mongolia,4086.469,73.50315
ME,2039,Montenegro,608.976,73.86634
MS,2039,Montserrat,4.107,11.27613
MA,2039,Morocco,42743.296,72.81892
MZ,2039,Mozambique,50685.124,48.46063
MM,2039,Myanmar,58985.81,39.97952
NA,2039,Namibia,3303.227,66.5595
NR,2039,Nauru,14.022,100.0
NP,2039,Nepal,35357.736,30.43456
NL,2039,Netherlands (Kingdom of the),18100.067,95.90302
NC,2039,New Caledonia,333.802,78.13941
NZ,2039,New Zealand,5747.927,89.23053
NI,2039,Nicaragua,8407.196,66.17884
NE,2039,Niger,47985.369,22.35587
NG,2039,Nigeria,314949.915,64.32836
NU,2039,Niue,1.999,56.78015
MK,2039,North Macedonia,2018.461,67.46227
MP,2039,Northern Mariana Islands,51.722,93.64972
NO,2039,Norway,6059.761,88.23035
OM,2039,Oman,5627.456,93.76522
PK,2039,Pakistan,317831.136,45.30297
PW,2039,Palau,17.441,87.31437
PA,2039,Panama,5308.889,75.82259
PA,2039,"Panama, excluding Canal Zone",,
PG,2039,Papua New Guinea,13194.712,18.49455
PY,2039,Paraguay,8024.671,69.46851
PE,2039,Peru,39447.878,82.8479
PH,2039,Philippines,143584.902,55.43184
PL,2039,Poland,37241.771,64.99151
PT,2039,Portugal,9768.966,75.21095
QA,2039,Qatar,3061.64,99.64121
RO,2039,Romania,18375.56,60.75667
RU,2039,Russian Federation,137521.801,79.96321
RW,2039,Rwanda,19388.318,23.40484
BL,2039,Saint Barthélemy,10.904,98.84203
SH,2039,Saint Helena,4.365,46.53374
KN,2039,Saint Kitts and Nevis,48.133,35.6343
LC,2039,Saint Lucia,183.425,22.85324
MF,2039,Saint Martin (French part),34.676,98.84203
PM,2039,Saint Pierre and Miquelon,5.455,91.5728
VC,2039,Saint Vincent and the Grenadines,104.183,61.07905
WS,2039,Samoa,280.077,18.37452
SM,2039,San Marino,33.161,98.75315
ST,2039,Sao Tome and Principe,311.49,82.81904
SA,2039,Saudi Arabia,44470.702,88.35271
SN,2039,Senegal,25993.655,58.31595
RS,2039,Serbia,8081.645,63.19969
SC,2039,Seychelles,114.569,65.38082
SL,2039,Sierra Leone,11761.685,52.98789
SG,2039,Singapore,6403.564,100.0
SX,2039,Sint Maarten (Dutch part),44.282,100.0
SK,2039,Slovakia,5420.159,59.64555
SI,2039,Slovenia,2069.646,63.12609
SB,2039,Solomon Islands,1016.888,32.75671
SO,2039,Somalia,28383.844,57.54036
ZA,2039,South Africa,69256.823,75.7993
SS,2039,South Sudan,14883.663,29.08869
ES,2039,Spain,46177.346,85.55589
LK,2039,Sri Lanka,22277.488,25.17071
PS,2039,State of Palestine,7435.91,82.46697
SD,2039,Sudan,69000.685,45.36213
SD,2039,Sudan (...2011),,
SR,2039,Suriname,696.508,70.29427
SE,2039,Sweden,11414.013,91.80134
"['LI', 'CH']",2039,"Switzerland, Liechtenstein",9507.919,77.49815
LI,2039,Liechtenstein,42.041,17.56399
CH,2039,Switzerland,9465.878,77.76434
SY,2039,Syrian Arab Republic,34711.951,66.72929
TJ,2039,Tajikistan,13155.611,35.80052
TZ,2039,"Tanzania, United Republic of",102539.97,48.49619
TH,2039,Thailand,71120.475,63.8973
TL,2039,Timor-Leste,1652.352,38.96388
TG,2039,Togo,12693.112,54.06186
TK,2039,Tokelau,2.233,0.0
TO,2039,Tonga,122.59,25.815
TT,2039,Trinidad and Tobago,1535.893,58.15424
TN,2039,Tunisia,13706.16,76.32797
TR,2039,Türkiye,92696.412,83.09051
TM,2039,Turkmenistan,7632.912,63.00332
TC,2039,Turks and Caicos Islands,51.074,96.06278
TV,2039,Tuvalu,12.477,74.19426
UG,2039,Uganda,71541.113,37.02738
UA,2039,Ukraine,35918.327,74.56157
AE,2039,United Arab Emirates,10590.827,90.76782
GB,2039,United Kingdom,70836.772,88.01562
IM,2039,Isle of Man,86.625,58.90013
"['IM', 'GB']",2039,United Kingdom excl. Channel Islands and Isle of Man,70556.285,88.19765
US,2039,United States of America,368544.253,86.98438
"['PR', 'US']",2039,United States of America including Puerto Rico,368457.919,86.98198
PR,2039,Puerto Rico,3037.059,94.75245
US,2039,United States of America excluding Puerto Rico and United States Virgin Islands,365420.86,86.9174
VI,2039,United States Virgin Islands,86.334,97.20432
UY,2039,Uruguay,3409.39,96.85599
UZ,2039,Uzbekistan,41689.808,55.29796
VU,2039,Vanuatu,472.147,30.03954
VE,2039,Venezuela (Bolivarian Rep. of),34275.073,90.21541
VN,2039,Viet Nam,105672.878,50.5567
WF,2039,Wallis and Futuna Islands,11.3,0.0
EH,2039,Western Sahara,753.094,89.07256
YE,2039,Yemen,47006.482,50.14425
YE,2039,"Yemen, Democratic",,
ZM,2039,Zambia,30330.252,55.92349
ZW,2039,Zimbabwe,22541.721,38.76494
ZA,2039,Southern Africa,80050.148,73.53479
"['AU', 'NZ']",2039,"Europe, Northern America, Australia and New Zealand",1176092.52,82.7836
HT,2039,LDCs: Islands and Haiti,18120.621,63.34553
AF,2040,Afghanistan,62180.342,34.7882
AL,2040,Albania,2660.261,74.34895
DZ,2040,Algeria,54917.437,81.62962
AS,2040,American Samoa,36.899,89.3042
AD,2040,Andorra,82.21,88.73456
AO,2040,Angola,58104.437,76.88973
AI,2040,Anguilla,15.875,100.0
AG,2040,Antigua and Barbuda,99.776,27.20097
AR,2040,Argentina,50014.489,94.27648
AM,2040,Armenia,2683.809,69.80374
AW,2040,Aruba,100.745,50.21107
AU,2040,Australia,30355.784,89.28811
AT,2040,Austria,9047.04,66.11787
AZ,2040,Azerbaijan,10984.426,65.99968
BS,2040,Bahamas,446.76,86.64025
BH,2040,Bahrain,1698.716,92.09628
BD,2040,Bangladesh,196526.123,52.17797
BB,2040,Barbados,278.768,36.52381
BY,2040,Belarus,8796.015,86.11918
BE,2040,Belgium,12056.739,98.67777
BZ,2040,Belize,500.312,52.72487
BJ,2040,Benin,20620.647,59.93067
BM,2040,Bermuda,60.108,100.0
BT,2040,Bhutan,860.331,53.32773
BO,2040,Bolivia (Plurinational State of),15250.564,77.35723
BQ,2040,"Bonaire, Sint Eustatius and Saba",28.501,78.99327
BA,2040,Bosnia and Herzegovina,2940.837,59.03662
BW,2040,Botswana,3355.041,80.97648
BR,2040,Brazil,230132.293,91.01685
VG,2040,British Virgin Islands,34.45,57.13432
BN,2040,Brunei Darussalam,493.006,83.52525
BG,2040,Bulgaria,5727.006,82.16022
BF,2040,Burkina Faso,34050.733,43.7212
BI,2040,Burundi,19928.151,22.3239
CV,2040,Cabo Verde,690.288,74.39238
KH,2040,Cambodia,19396.431,34.77987
CM,2040,Cameroon,42424.031,68.3774
CA,2040,Canada,43822.969,84.968
KY,2040,Cayman Islands,75.762,100.0
CF,2040,Central African Republic,9316.419,53.9929
TD,2040,Chad,29202.529,32.8237
CL,2040,Chile,20571.208,90.32681
CN,2040,China,1377556.938,76.43632
HK,2040,"China, Hong Kong SAR",7308.138,100.0
MO,2040,"China, Macao SAR",828.668,100.0
"['CN', 'TW']",2040,"China, Taiwan Province of",23608.73,85.14884
CO,2040,Colombia,56298.077,86.74758
KM,2040,Comoros,1107.417,36.63599
CG,2040,Congo,8719.512,76.3565
CD,2040,"Congo, Dem. Rep. of the",170013.815,57.89487
CK,2040,Cook Islands,17.511,80.34431
CR,2040,Costa Rica,5642.847,88.3018
CI,2040,Côte d'Ivoire,42586.279,62.15738
HR,2040,Croatia,3600.992,66.44229
CU,2040,Cuba,10615.034,81.23039
CW,2040,Curaçao,202.802,90.57763
CY,2040,Cyprus,1014.784,71.12023
CZ,2040,Czechia,10504.313,78.99851
CZ,2040,Czechoslovakia,,
DK,2040,Denmark,6307.04,90.90085
DJ,2040,Djibouti,1390.928,82.41743
DM,2040,Dominica,75.668,77.19312
DO,2040,Dominican Republic,12703.248,90.52968
EC,2040,Ecuador,21094.529,70.50499
EG,2040,Egypt,143422.685,49.41488
SV,2040,El Salvador,6684.174,82.87972
GQ,2040,Equatorial Guinea,2407.198,80.30969
ER,2040,Eritrea,5144.492,54.05575
EE,2040,Estonia,1230.997,74.25898
SZ,2040,Eswatini,1489.771,29.82385
ET,2040,Ethiopia,182052.579,32.74011
ET,2040,Ethiopia (...1991),,
FK,2040,Falkland Islands (Malvinas),3.876,84.48753
FO,2040,Faroe Islands,57.089,48.31933
FJ,2040,Fiji,1049.476,66.17213
FI,2040,Finland,5536.212,88.22729
FR,2040,France,69005.463,86.2173
FR,2040,"France, metropolitan",66150.546,86.15334
GF,2040,French Guiana,448.536,89.56904
GP,2040,Guadeloupe,400.55,98.86011
MQ,2040,Martinique,351.911,91.44512
YT,2040,Mayotte,526.074,48.96605
MC,2040,Monaco,36.443,100.0
RE,2040,Réunion,1091.403,99.88625
PF,2040,French Polynesia,340.88,66.2724
GA,2040,Gabon,3269.247,94.03284
GM,2040,Gambia,3984.778,73.22858
GE,2040,Georgia,3527.227,68.60207
DE,2040,Germany,81201.103,81.4968
DE,2040,"Germany, Federal Republic of",,
GH,2040,Ghana,45595.915,68.5602
GI,2040,Gibraltar,32.333,100.0
GR,2040,Greece,9640.504,85.41292
GL,2040,Greenland,56.041,90.86375
GD,2040,Grenada,134.219,42.84732
GU,2040,Guam,190.097,96.28138
GT,2040,Guatemala,22550.243,61.84619
GN,2040,Guinea,20185.302,47.26434
GW,2040,Guinea-Bissau,2976.354,52.87979
GY,2040,Guyana,873.641,31.86995
HT,2040,Haiti,13990.109,70.6182
VA,2040,Holy See,0.642,100.0
HN,2040,Honduras,13135.763,69.45085
HU,2040,Hungary,9245.46,78.57005
IS,2040,Iceland,403.737,95.12582
IN,2040,India,1611676.333,46.36857
ID,2040,Indonesia,308164.809,68.20679
ID,2040,Indonesia (...2002),,
IR,2040,Iran (Islamic Republic of),96518.596,83.42354
IQ,2040,Iraq,63798.124,76.97515
IE,2040,Ireland,5531.181,70.78627
IL,2040,Israel,11542.358,94.52201
IT,2040,Italy,55258.472,77.73532
JM,2040,Jamaica,2697.534,65.44778
JP,2040,Japan,111157.201,93.72442
JO,2040,Jordan,13538.887,94.39851
KZ,2040,Kazakhstan,23285.398,64.12289
KE,2040,Kenya,74757.978,39.66432
KI,2040,Kiribati,168.583,66.90543
KP,2040,"Korea, Dem. People's Rep. of",26441.399,69.76421
KR,2040,"Korea, Republic of",49319.974,83.98228
KW,2040,Kuwait,4929.743,100.0
KG,2040,Kyrgyzstan,8443.502,47.07678
LA,2040,Lao People's Dem. Rep.,9145.206,49.43853
LV,2040,Latvia,1554.125,72.72162
LB,2040,Lebanon,4742.163,92.0863
LS,2040,Lesotho,2720.18,39.90766
LR,2040,Liberia,7594.35,62.91328
LY,2040,Libya,8055.989,86.2072
LT,2040,Lithuania,2360.59,74.27249
LU,2040,Luxembourg,744.884,94.25171
MG,2040,Madagascar,43524.3,51.62582
MW,2040,Malawi,31059.544,26.0329
MY,2040,Malaysia,39279.459,84.99771
MV,2040,Maldives,541.917,49.47099
ML,2040,Mali,37687.79,57.37842
MT,2040,Malta,537.574,96.01878
MH,2040,Marshall Islands,48.434,83.56235
MR,2040,Mauritania,7348.229,68.23802
MU,2040,Mauritius,1284.007,45.0687
MX,2040,Mexico,141055.171,86.01758
FM,2040,Micronesia (Federated States of),130.984,28.28972
MD,2040,"Moldova, Republic of",3081.524,50.68788
MN,2040,Mongolia,4127.814,73.8779
ME,2040,Montenegro,607.201,74.19017
MS,2040,Montserrat,4.08,11.47571
MA,2040,Morocco,42991.078,73.24379
MZ,2040,Mozambique,51800.4,49.08953
MM,2040,Myanmar,59133.816,40.61501
NA,2040,Namibia,3347.189,67.07655
NR,2040,Nauru,14.097,100.0
NP,2040,Nepal,35568.802,31.03579
NL,2040,Netherlands (Kingdom of the),18096.392,95.98852
NC,2040,New Caledonia,335.889,78.42571
NZ,2040,New Zealand,5770.708,89.40089
NI,2040,Nicaragua,8478.904,66.65774
NE,2040,Niger,49566.69,22.86815
NG,2040,Nigeria,320779.66,64.85643
NU,2040,Niue,2.01,57.19217
MK,2040,North Macedonia,2010.114,67.96683
MP,2040,Northern Mariana Islands,51.682,93.74622
NO,2040,Norway,6091.402,88.43561
OM,2040,Oman,5689.446,93.89736
PK,2040,Pakistan,322595.767,45.89696
PW,2040,Palau,17.375,87.50331
PA,2040,Panama,5353.222,76.20934
PA,2040,"Panama, excluding Canal Zone",,
PG,2040,Papua New Guinea,13362.082,18.94979
PY,2040,Paraguay,8083.61,69.9102
PE,2040,Peru,39720.162,83.11448
PH,2040,Philippines,145022.25,55.9993
PL,2040,Poland,37043.145,65.48163
PT,2040,Portugal,9730.312,75.60503
QA,2040,Qatar,3088.149,99.64805
RO,2040,Romania,18295.603,61.3089
RU,2040,Russian Federation,137110.991,80.28926
RW,2040,Rwanda,19724.007,23.93089
BL,2040,Saint Barthélemy,10.855,98.86011
SH,2040,Saint Helena,4.313,46.99047
KN,2040,Saint Kitts and Nevis,48.067,36.0505
LC,2040,Saint Lucia,183.155,23.18095
MF,2040,Saint Martin (French part),34.783,98.86011
PM,2040,Saint Pierre and Miquelon,5.437,91.71286
VC,2040,Saint Vincent and the Grenadines,104.07,61.49252
WS,2040,Samoa,283.738,18.59685
SM,2040,San Marino,33.112,98.77878
ST,2040,Sao Tome and Principe,316.692,83.05293
SA,2040,Saudi Arabia,44881.078,88.54822
SN,2040,Senegal,26568.156,58.88843
RS,2040,Serbia,8027.508,63.70135
SC,2040,Seychelles,114.862,65.77583
SL,2040,Sierra Leone,11938.548,53.58663
SG,2040,Singapore,6407.736,100.0
SX,2040,Sint Maarten (Dutch part),43.963,100.0
SK,2040,Slovakia,5400.488,60.20725
SI,2040,Slovenia,2064.752,63.64746
SB,2040,Solomon Islands,1035.616,33.15954
SO,2040,Somalia,29094.714,58.11876
ZA,2040,South Africa,69713.937,76.18412
SS,2040,South Sudan,15134.633,29.68417
ES,2040,Spain,46047.876,85.7955
LK,2040,Sri Lanka,22263.893,25.71961
PS,2040,State of Palestine,7568.488,82.75734
SD,2040,Sudan,70376.379,46.0142
SD,2040,Sudan (...2011),,
SR,2040,Suriname,699.86,70.64692
SE,2040,Sweden,11458.122,91.94627
"['LI', 'CH']",2040,"Switzerland, Liechtenstein",9538.209,77.81656
LI,2040,Liechtenstein,42.105,17.83473
CH,2040,Switzerland,9496.104,78.08251
SY,2040,Syrian Arab Republic,35121.421,67.24036
TJ,2040,Tajikistan,13354.458,36.43354
TZ,2040,"Tanzania, United Republic of",104957.697,49.1284
TH,2040,Thailand,70916.075,64.44716
TL,2040,Timor-Leste,1668.074,39.3914
TG,2040,Togo,12941.012,54.66548
TK,2040,Tokelau,2.253,0.0
TO,2040,Tonga,123.504,26.12163
TT,2040,Trinidad and Tobago,1532.947,58.57657
TN,2040,Tunisia,13769.345,76.70226
TR,2040,Türkiye,93057.5,83.36859
TM,2040,Turkmenistan,7697.615,63.55733
TC,2040,Turks and Caicos Islands,51.298,96.12218
TV,2040,Tuvalu,12.537,74.51608
UG,2040,Uganda,73014.668,37.66566
UA,2040,Ukraine,35656.113,74.92646
AE,2040,United Arab Emirates,10663.646,90.92453
GB,2040,United Kingdom,70970.931,88.21372
IM,2040,Isle of Man,86.689,59.31902
"['IM', 'GB']",2040,United Kingdom excl. Channel Islands and Isle of Man,70689.476,88.39535
US,2040,United States of America,369711.895,87.20124
"['PR', 'US']",2040,United States of America including Puerto Rico,369626.333,87.19892
PR,2040,Puerto Rico,3010.093,94.84158
US,2040,United States of America excluding Puerto Rico and United States Virgin Islands,366616.24,87.13617
VI,2040,United States Virgin Islands,85.562,97.24838
UY,2040,Uruguay,3405.741,96.91062
UZ,2040,Uzbekistan,42061.549,55.81699
VU,2040,Vanuatu,481.641,30.39359
VE,2040,Venezuela (Bolivarian Rep. of),34467.67,90.36785
VN,2040,Viet Nam,105887.768,51.19591
WF,2040,Wallis and Futuna Islands,11.319,0.0
EH,2040,Western Sahara,762.701,89.2258
YE,2040,Yemen,47790.708,50.79025
YE,2040,"Yemen, Democratic",,
ZM,2040,Zambia,30973.549,56.52247
ZW,2040,Zimbabwe,22912.369,39.40282
ZA,2040,Southern Africa,80626.118,73.92492
"['AU', 'NZ']",2040,"Europe, Northern America, Australia and New Zealand",1176124.34,83.07243
HT,2040,LDCs: Islands and Haiti,18299.028,63.77887
AF,2041,Afghanistan,63375.847,35.39789
AL,2041,Albania,2642.682,74.7548
DZ,2041,Algeria,55440.658,81.93374
AS,2041,American Samoa,36.512,89.45959
AD,2041,Andorra,82.169,88.87743
AO,2041,Angola,59498.476,77.25832
AI,2041,Anguilla,15.833,100.0
AG,2041,Antigua and Barbuda,99.834,27.56577
AR,2041,Argentina,50212.929,94.37263
AM,2041,Armenia,2674.265,70.26794
AW,2041,Aruba,100.194,50.65266
AU,2041,Australia,30551.298,89.46351
AT,2041,Austria,9039.623,66.59695
AZ,2041,Azerbaijan,10991.899,66.51353
BS,2041,Bahamas,447.724,86.82915
BH,2041,Bahrain,1711.015,92.21386
BD,2041,Bangladesh,197444.714,52.80202
BB,2041,Barbados,277.923,36.94502
BY,2041,Belarus,8757.816,86.35743
BE,2041,Belgium,12068.442,98.70061
BZ,2041,Belize,504.69,53.16319
BJ,2041,Benin,21069.601,60.49637
BM,2041,Bermuda,59.772,100.0
BT,2041,Bhutan,863.045,53.76442
BO,2041,Bolivia (Plurinational State of),15399.2,77.71377
BQ,2041,"Bonaire, Sint Eustatius and Saba",28.538,79.26762
BA,2041,Bosnia and Herzegovina,2921.671,59.60763
BW,2041,Botswana,3390.767,81.30518
BR,2041,Brazil,230444.491,91.16755
VG,2041,British Virgin Islands,34.542,57.5637
BN,2041,Brunei Darussalam,494.191,83.75139
BG,2041,Bulgaria,5671.575,82.45392
BF,2041,Burkina Faso,34710.916,44.35808
BI,2041,Burundi,20361.593,22.84228
CV,2041,Cabo Verde,694.697,74.71084
KH,2041,Cambodia,19504.774,35.39749
CM,2041,Cameroon,43298.306,68.8692
CA,2041,Canada,44062.266,85.208
KY,2041,Cayman Islands,75.957,100.0
CF,2041,Central African Republic,9540.435,54.62391
TD,2041,Chad,29916.883,33.44754
CL,2041,Chile,20603.919,90.48878
CN,2041,China,1372522.398,76.85381
HK,2041,"China, Hong Kong SAR",7281.091,100.0
MO,2041,"China, Macao SAR",834.288,100.0
"['CN', 'TW']",2041,"China, Taiwan Province of",23520.143,85.3959
CO,2041,Colombia,56431.283,86.97176
KM,2041,Comoros,1121.845,37.05948
CG,2041,Congo,8886.023,76.74042
CD,2041,"Congo, Dem. Rep. of the",174575.803,58.4981
CK,2041,Cook Islands,17.529,80.59826
CR,2041,Costa Rica,5655.693,88.49818
CI,2041,Côte d'Ivoire,43451.2,62.70096
HR,2041,Croatia,3574.556,66.9475
CU,2041,Cuba,10565.416,81.52517
CW,2041,Curaçao,203.058,90.71542
CY,2041,Cyprus,1018.565,71.46689
CZ,2041,Czechia,10508.559,79.32681
CZ,2041,Czechoslovakia,,
DK,2041,Denmark,6322.892,91.04899
DJ,2041,Djibouti,1403.695,82.65635
DM,2041,Dominica,75.593,77.48652
DO,2041,Dominican Republic,12762.152,90.71128
EC,2041,Ecuador,21232.395,70.93302
EG,2041,Egypt,145240.099,50.01634
SV,2041,El Salvador,6686.672,83.15918
GQ,2041,Equatorial Guinea,2447.173,80.57072
ER,2041,Eritrea,5229.664,54.67163
EE,2041,Estonia,1225.3,74.57167
SZ,2041,Eswatini,1507.612,30.20747
ET,2041,Ethiopia,185332.694,33.35523
ET,2041,Ethiopia (...1991),,
FK,2041,Falkland Islands (Malvinas),3.87,84.70874
FO,2041,Faroe Islands,57.34,48.73821
FJ,2041,Fiji,1054.902,66.56293
FI,2041,Finland,5530.17,88.4121
FR,2041,France,69038.962,86.43976
FR,2041,"France, metropolitan",66159.894,86.38627
GF,2041,French Guiana,456.848,89.72061
GP,2041,Guadeloupe,399.919,98.87793
MQ,2041,Martinique,350.281,91.57145
YT,2041,Mayotte,539.246,49.40775
MC,2041,Monaco,36.535,100.0
RE,2041,Réunion,1096.239,99.88806
PF,2041,French Polynesia,341.966,66.61491
GA,2041,Gabon,3319.354,94.13392
GM,2041,Gambia,4056.053,73.64804
GE,2041,Georgia,3513.555,69.07435
DE,2041,Germany,81006.024,81.797
DE,2041,"Germany, Federal Republic of",,
GH,2041,Ghana,46280.424,69.04108
GI,2041,Gibraltar,32.249,100.0
GR,2041,Greece,9596.379,85.65578
GL,2041,Greenland,55.868,91.00009
GD,2041,Grenada,134.511,43.28705
GU,2041,Guam,190.843,96.33845
GT,2041,Guatemala,22781.262,62.39673
GN,2041,Guinea,20542.98,47.9001
GW,2041,Guinea-Bissau,3024.905,53.31811
GY,2041,Guyana,874.999,32.26708
HT,2041,Haiti,14109.871,71.06663
VA,2041,Holy See,0.65,100.0
HN,2041,Honduras,13261.233,69.9163
HU,2041,Hungary,9201.661,78.91294
IS,2041,Iceland,404.576,95.19999
IN,2041,India,1619318.36,47.01386
ID,2041,Indonesia,309414.55,68.68365
ID,2041,Indonesia (...2002),,
IR,2041,Iran (Islamic Republic of),96826.532,83.70415
IQ,2041,Iraq,64897.603,77.34049
IE,2041,Ireland,5555.162,71.22459
IL,2041,Israel,11687.189,94.61519
IT,2041,Italy,54999.062,78.08362
JM,2041,Jamaica,2681.237,65.96393
JP,2041,Japan,110405.207,93.82866
JO,2041,Jordan,13703.556,94.49553
KZ,2041,Kazakhstan,23514.59,64.61295
KE,2041,Kenya,75866.827,40.31346
KI,2041,Kiribati,170.595,67.28143
KP,2041,"Korea, Dem. People's Rep. of",26393.589,70.22284
KR,2041,"Korea, Republic of",49030.283,84.23315
KW,2041,Kuwait,4964.524,100.0
KG,2041,Kyrgyzstan,8547.397,47.72536
LA,2041,Lao People's Dem. Rep.,9217.336,50.0626
LV,2041,Latvia,1541.431,73.05446
LB,2041,Lebanon,4766.088,92.22214
LS,2041,Lesotho,2740.271,40.53877
LR,2041,Liberia,7726.261,63.4618
LY,2041,Libya,8115.476,86.44516
LT,2041,Lithuania,2342.143,74.67444
LU,2041,Luxembourg,749.034,94.33849
MG,2041,Madagascar,44328.12,52.26004
MW,2041,Malawi,31674.805,26.59928
MY,2041,Malaysia,39487.92,85.25233
MV,2041,Maldives,544.92,49.91205
ML,2041,Mali,38640.264,57.97385
MT,2041,Malta,536.189,96.07926
MH,2041,Marshall Islands,48.779,83.78807
MR,2041,Mauritania,7503.613,68.71939
MU,2041,Mauritius,1279.715,45.50871
MX,2041,Mexico,141509.85,86.25126
FM,2041,Micronesia (Federated States of),131.588,28.66403
MD,2041,"Moldova, Republic of",3071.336,51.31158
MN,2041,Mongolia,4169.279,74.26114
ME,2041,Montenegro,605.364,74.51154
MS,2041,Montserrat,4.054,11.66758
MA,2041,Morocco,43233.124,73.65923
MZ,2041,Mozambique,52917.3,49.71775
MM,2041,Myanmar,59267.283,41.25601
NA,2041,Namibia,3391.106,67.56615
NR,2041,Nauru,14.172,100.0
NP,2041,Nepal,35775.609,31.6435
NL,2041,Netherlands (Kingdom of the),18088.839,96.06707
NC,2041,New Caledonia,337.916,78.7061
NZ,2041,New Zealand,5792.644,89.57341
NI,2041,Nicaragua,8548.953,67.14253
NE,2041,Niger,51181.048,23.38864
NG,2041,Nigeria,326599.329,65.3809
NU,2041,Niue,2.022,57.63293
MK,2041,North Macedonia,2001.364,68.46723
MP,2041,Northern Mariana Islands,51.618,93.83972
NO,2041,Norway,6122.351,88.63458
OM,2041,Oman,5752.24,94.01368
PK,2041,Pakistan,327302.028,46.50507
PW,2041,Palau,17.306,87.68241
PA,2041,Panama,5396.39,76.59182
PA,2041,"Panama, excluding Canal Zone",,
PG,2041,Papua New Guinea,13527.645,19.41358
PY,2041,Paraguay,8141.028,70.35453
PE,2041,Peru,39985.297,83.38196
PH,2041,Philippines,146428.606,56.57692
PL,2041,Poland,36840.499,65.98827
PT,2041,Portugal,9690.101,75.99484
QA,2041,Qatar,3115.115,99.65406
RO,2041,Romania,18214.523,61.86026
RU,2041,Russian Federation,136709.408,80.6113
RW,2041,Rwanda,20059.538,24.46499
BL,2041,Saint Barthélemy,10.804,98.87793
SH,2041,Saint Helena,4.263,47.4347
KN,2041,Saint Kitts and Nevis,47.989,36.47064
LC,2041,Saint Lucia,182.826,23.51259
MF,2041,Saint Martin (French part),34.888,98.87793
PM,2041,Saint Pierre and Miquelon,5.421,91.83025
VC,2041,Saint Vincent and the Grenadines,103.931,61.90429
WS,2041,Samoa,287.404,18.84055
SM,2041,San Marino,33.047,98.80448
ST,2041,Sao Tome and Principe,321.857,83.28441
SA,2041,Saudi Arabia,45282.942,88.74086
SN,2041,Senegal,27148.556,59.46065
RS,2041,Serbia,7972.571,64.21313
SC,2041,Seychelles,115.143,66.16767
SL,2041,Sierra Leone,12113.574,54.18771
SG,2041,Singapore,6409.441,100.0
SX,2041,Sint Maarten (Dutch part),43.592,100.0
SK,2041,Slovakia,5380.279,60.76835
SI,2041,Slovenia,2059.689,64.17283
SB,2041,Solomon Islands,1054.447,33.56485
SO,2041,Somalia,29812.16,58.69711
ZA,2041,South Africa,70160.652,76.56471
SS,2041,South Sudan,15383.05,30.28664
ES,2041,Spain,45910.27,86.03179
LK,2041,Sri Lanka,22244.994,26.27627
PS,2041,State of Palestine,7700.773,83.04389
SD,2041,Sudan,71759.106,46.66764
SD,2041,Sudan (...2011),,
SR,2041,Suriname,703.054,70.99716
SE,2041,Sweden,11502.693,92.08646
"['LI', 'CH']",2041,"Switzerland, Liechtenstein",9567.796,78.14341
LI,2041,Liechtenstein,42.149,18.11055
CH,2041,Switzerland,9525.647,78.40904
SY,2041,Syrian Arab Republic,35509.433,67.74093
TJ,2041,Tajikistan,13552.075,37.07129
TZ,2041,"Tanzania, United Republic of",107388.342,49.76089
TH,2041,Thailand,70693.792,64.98367
TL,2041,Timor-Leste,1683.455,39.82059
TG,2041,Togo,13189.909,55.26351
TK,2041,Tokelau,2.276,0.0
TO,2041,Tonga,124.398,26.44611
TT,2041,Trinidad and Tobago,1529.645,58.99762
TN,2041,Tunisia,13832.171,77.07344
TR,2041,Türkiye,93408.844,83.643
TM,2041,Turkmenistan,7761.736,64.10778
TC,2041,Turks and Caicos Islands,51.506,96.18133
TV,2041,Tuvalu,12.598,74.83013
UG,2041,Uganda,74486.455,38.29631
UA,2041,Ukraine,35392.256,75.29849
AE,2041,United Arab Emirates,10738.862,91.07884
GB,2041,United Kingdom,71102.177,88.40902
IM,2041,Isle of Man,86.74,59.73722
"['IM', 'GB']",2041,United Kingdom excl. Channel Islands and Isle of Man,70819.795,88.59016
US,2041,United States of America,370817.197,87.41504
"['PR', 'US']",2041,United States of America including Puerto Rico,370732.398,87.41278
PR,2041,Puerto Rico,2982.999,94.92927
US,2041,United States of America excluding Puerto Rico and United States Virgin Islands,367749.399,87.35181
VI,2041,United States Virgin Islands,84.799,97.29071
UY,2041,Uruguay,3401.505,96.96393
UZ,2041,Uzbekistan,42434.927,56.35903
VU,2041,Vanuatu,491.182,30.76043
VE,2041,Venezuela (Bolivarian Rep. of),34649.9,90.52367
VN,2041,Viet Nam,106080.557,51.82369
WF,2041,Wallis and Futuna Islands,11.336,0.0
EH,2041,Western Sahara,772.185,89.38146
YE,2041,Yemen,48571.507,51.43598
YE,2041,"Yemen, Democratic",,
ZM,2041,Zambia,31615.986,57.11955
ZW,2041,Zimbabwe,23279.976,40.04433
ZA,2041,Southern Africa,81190.408,74.31013
"['AU', 'NZ']",2041,"Europe, Northern America, Australia and New Zealand",1176033.911,83.35983
HT,2041,LDCs: Islands and Haiti,18474.668,64.19443
AF,2042,Afghanistan,64572.473,36.02047
AL,2042,Albania,2624.352,75.15641
DZ,2042,Algeria,55965.06,82.23393
AS,2042,American Samoa,36.139,89.61302
AD,2042,Andorra,82.103,89.0275
AO,2042,Angola,60898.051,77.62275
AI,2042,Anguilla,15.786,100.0
AG,2042,Antigua and Barbuda,99.85,27.9339
AR,2042,Argentina,50402.787,94.46751
AM,2042,Armenia,2664.34,70.72801
AW,2042,Aruba,99.615,51.09391
AU,2042,Australia,30744.528,89.63951
AT,2042,Austria,9031.238,67.08219
AZ,2042,Azerbaijan,10994.371,67.02349
BS,2042,Bahamas,448.557,87.01572
BH,2042,Bahrain,1723.162,92.32985
BD,2042,Bangladesh,198317.585,53.42518
BB,2042,Barbados,277.003,37.36822
BY,2042,Belarus,8720.055,86.58767
BE,2042,Belgium,12078.53,98.72289
BZ,2042,Belize,508.939,53.60093
BJ,2042,Benin,21522.78,61.05925
BM,2042,Bermuda,59.416,100.0
BT,2042,Bhutan,865.481,54.20054
BO,2042,Bolivia (Plurinational State of),15545.347,78.06754
BQ,2042,"Bonaire, Sint Eustatius and Saba",28.568,79.54003
BA,2042,Bosnia and Herzegovina,2902.258,60.17602
BW,2042,Botswana,3425.834,81.61884
BR,2042,Brazil,230694.805,91.31615
VG,2042,British Virgin Islands,34.62,57.99266
BN,2042,Brunei Darussalam,495.249,83.97505
BG,2042,Bulgaria,5616.468,82.74379
BF,2042,Burkina Faso,35368.933,44.99924
BI,2042,Burundi,20794.876,23.36908
CV,2042,Cabo Verde,698.96,75.02697
KH,2042,Cambodia,19608.512,36.02007
CM,2042,Cameroon,44174.768,69.35678
CA,2042,Canada,44290.533,85.45165
KY,2042,Cayman Islands,76.145,100.0
CF,2042,Central African Republic,9763.939,55.25344
TD,2042,Chad,30634.772,34.07721
CL,2042,Chile,20630.732,90.64854
CN,2042,China,1367267.104,77.24349
HK,2042,"China, Hong Kong SAR",7252.429,100.0
MO,2042,"China, Macao SAR",839.836,100.0
"['CN', 'TW']",2042,"China, Taiwan Province of",23423.626,85.63954
CO,2042,Colombia,56549.346,87.19271
KM,2042,Comoros,1136.167,37.48494
CG,2042,Congo,9052.455,77.11997
CD,2042,"Congo, Dem. Rep. of the",179185.515,59.09878
CK,2042,Cook Islands,17.548,80.85557
CR,2042,Costa Rica,5666.916,88.69168
CI,2042,Côte d'Ivoire,44319.052,63.24136
HR,2042,Croatia,3547.938,67.44882
CU,2042,Cuba,10514.019,81.82495
CW,2042,Curaçao,203.276,90.85164
CY,2042,Cyprus,1022.206,71.8111
CZ,2042,Czechia,10513.988,79.65884
CZ,2042,Czechoslovakia,,
DK,2042,Denmark,6338.111,91.19704
DJ,2042,Djibouti,1416.095,82.89274
DM,2042,Dominica,75.504,77.77706
DO,2042,Dominican Republic,12818.453,90.87837
EC,2042,Ecuador,21366.555,71.36746
EG,2042,Egypt,147040.749,50.63806
SV,2042,El Salvador,6687.447,83.4356
GQ,2042,Equatorial Guinea,2486.805,80.82927
ER,2042,Eritrea,5314.21,55.28609
EE,2042,Estonia,1219.594,74.88857
SZ,2042,Eswatini,1525.184,30.59412
ET,2042,Ethiopia,188613.575,33.97196
ET,2042,Ethiopia (...1991),,
FK,2042,Falkland Islands (Malvinas),3.868,84.9096
FO,2042,Faroe Islands,57.586,49.16756
FJ,2042,Fiji,1060.105,66.94807
FI,2042,Finland,5523.795,88.59973
FR,2042,France,69062.296,86.65889
FR,2042,"France, metropolitan",66159.385,86.61589
GF,2042,French Guiana,465.17,89.87037
GP,2042,Guadeloupe,399.142,98.89549
MQ,2042,Martinique,348.507,91.69627
YT,2042,Mayotte,552.645,49.84956
MC,2042,Monaco,36.637,100.0
RE,2042,Réunion,1100.81,99.88982
PF,2042,French Polynesia,342.957,66.9679
GA,2042,Gabon,3369.41,94.23339
GM,2042,Gambia,4126.792,74.06326
GE,2042,Georgia,3499.849,69.54425
DE,2042,Germany,80804.806,82.09408
DE,2042,"Germany, Federal Republic of",,
GH,2042,Ghana,46961.808,69.51789
GI,2042,Gibraltar,32.172,100.0
GR,2042,Greece,9551.108,85.89526
GL,2042,Greenland,55.685,91.13231
GD,2042,Grenada,134.786,43.72645
GU,2042,Guam,191.541,96.39471
GT,2042,Guatemala,23006.437,62.94409
GN,2042,Guinea,20900.498,48.53654
GW,2042,Guinea-Bissau,3073.149,53.75592
GY,2042,Guyana,876.161,32.66681
HT,2042,Haiti,14227.369,71.5124
VA,2042,Holy See,0.659,100.0
HN,2042,Honduras,13383.793,70.37768
HU,2042,Hungary,9157.724,79.25268
IS,2042,Iceland,405.341,95.27307
IN,2042,India,1626585.377,47.66016
ID,2042,Indonesia,310593.657,69.15816
ID,2042,Indonesia (...2002),,
IR,2042,Iran (Islamic Republic of),97127.583,83.97598
IQ,2042,Iraq,65990.902,77.70269
IE,2042,Ireland,5578.394,71.66552
IL,2042,Israel,11832.611,94.70687
IT,2042,Italy,54731.605,78.43071
JM,2042,Jamaica,2663.963,66.47628
JP,2042,Japan,109654.64,93.93287
JO,2042,Jordan,13864.721,94.5886
KZ,2042,Kazakhstan,23746.703,65.11432
KE,2042,Kenya,76961.167,40.966
KI,2042,Kiribati,172.625,67.65552
KP,2042,"Korea, Dem. People's Rep. of",26341.393,70.67892
KR,2042,"Korea, Republic of",48727.532,84.49189
KW,2042,Kuwait,4997.633,100.0
KG,2042,Kyrgyzstan,8650.903,48.3747
LA,2042,Lao People's Dem. Rep.,9287.445,50.68906
LV,2042,Latvia,1528.957,73.38488
LB,2042,Lebanon,4790.049,92.35586
LS,2042,Lesotho,2759.909,41.174
LR,2042,Liberia,7857.657,64.00686
LY,2042,Libya,8173.019,86.67965
LT,2042,Lithuania,2323.956,75.07338
LU,2042,Luxembourg,753.09,94.4241
MG,2042,Madagascar,45131.26,52.89353
MW,2042,Malawi,32289.974,27.17346
MY,2042,Malaysia,39688.22,85.49531
MV,2042,Maldives,547.913,50.35305
ML,2042,Mali,39601.808,58.56698
MT,2042,Malta,534.754,96.13946
MH,2042,Marshall Islands,49.109,84.01187
MR,2042,Mauritania,7659.504,69.19676
MU,2042,Mauritius,1275.002,45.94974
MX,2042,Mexico,141925.337,86.48165
FM,2042,Micronesia (Federated States of),132.154,29.04116
MD,2042,"Moldova, Republic of",3061.537,51.93489
MN,2042,Mongolia,4210.687,74.65199
ME,2042,Montenegro,603.442,74.83016
MS,2042,Montserrat,4.027,11.85321
MA,2042,Morocco,43468.863,74.07174
MZ,2042,Mozambique,54034.719,50.34428
MM,2042,Myanmar,59387.605,41.9
NA,2042,Namibia,3434.985,68.05358
NR,2042,Nauru,14.245,100.0
NP,2042,Nepal,35977.813,32.25753
NL,2042,Netherlands (Kingdom of the),18078.167,96.13895
NC,2042,New Caledonia,339.885,78.98418
NZ,2042,New Zealand,5813.704,89.74762
NI,2042,Nicaragua,8617.299,67.6313
NE,2042,Niger,52829.81,23.91729
NG,2042,Nigeria,332393.067,65.90165
NU,2042,Niue,2.029,58.06268
MK,2042,North Macedonia,1992.276,68.96338
MP,2042,Northern Mariana Islands,51.528,93.93264
NO,2042,Norway,6152.665,88.82726
OM,2042,Oman,5815.752,94.11482
PK,2042,Pakistan,331973.561,47.12603
PW,2042,Palau,17.235,87.85848
PA,2042,Panama,5438.418,76.97001
PA,2042,"Panama, excluding Canal Zone",,
PG,2042,Papua New Guinea,13690.71,19.88592
PY,2042,Paraguay,8197.013,70.80057
PE,2042,Peru,40242.211,83.6499
PH,2042,Philippines,147801.667,57.16225
PL,2042,Poland,36634.491,66.49304
PT,2042,Portugal,9648.403,76.38037
QA,2042,Qatar,3142.502,99.65995
RO,2042,Romania,18132.423,62.40858
RU,2042,Russian Federation,136317.799,80.92933
RW,2042,Rwanda,20394.731,25.00709
BL,2042,Saint Barthélemy,10.753,98.89549
SH,2042,Saint Helena,4.216,47.87284
KN,2042,Saint Kitts and Nevis,47.898,36.89132
LC,2042,Saint Lucia,182.459,23.84747
MF,2042,Saint Martin (French part),34.986,98.89549
PM,2042,Saint Pierre and Miquelon,5.401,91.95371
VC,2042,Saint Vincent and the Grenadines,103.77,62.31461
WS,2042,Samoa,291.054,19.10709
SM,2042,San Marino,32.974,98.82696
ST,2042,Sao Tome and Principe,326.985,83.51335
SA,2042,Saudi Arabia,45674.812,88.93067
SN,2042,Senegal,27732.291,60.03031
RS,2042,Serbia,7916.869,64.73284
SC,2042,Seychelles,115.406,66.55653
SL,2042,Sierra Leone,12286.37,54.78863
SG,2042,Singapore,6408.677,100.0
SX,2042,Sint Maarten (Dutch part),43.175,100.0
SK,2042,Slovakia,5359.631,61.32663
SI,2042,Slovenia,2054.419,64.69668
SB,2042,Solomon Islands,1073.371,33.97249
SO,2042,Somalia,30535.607,59.27308
ZA,2042,South Africa,70595.132,76.94106
SS,2042,South Sudan,15628.86,30.89595
ES,2042,Spain,45763.466,86.26478
LK,2042,Sri Lanka,22220.535,26.84064
PS,2042,State of Palestine,7832.855,83.32663
SD,2042,Sudan,73151.831,47.32223
SD,2042,Sudan (...2011),,
SR,2042,Suriname,706.082,71.3447
SE,2042,Sweden,11547.531,92.22199
"['LI', 'CH']",2042,"Switzerland, Liechtenstein",9596.719,78.47778
LI,2042,Liechtenstein,42.194,18.38964
CH,2042,Switzerland,9554.525,78.74314
SY,2042,Syrian Arab Republic,35877.547,68.23026
TJ,2042,Tajikistan,13747.565,37.71358
TZ,2042,"Tanzania, United Republic of",109835.803,50.39346
TH,2042,Thailand,70453.178,65.506
TL,2042,Timor-Leste,1698.451,40.25104
TG,2042,Togo,13439.606,55.86229
TK,2042,Tokelau,2.297,0.0
TO,2042,Tonga,125.27,26.78982
TT,2042,Trinidad and Tobago,1525.952,59.4174
TN,2042,Tunisia,13894.401,77.44043
TR,2042,Türkiye,93748.894,83.91375
TM,2042,Turkmenistan,7824.94,64.65453
TC,2042,Turks and Caicos Islands,51.7,96.24129
TV,2042,Tuvalu,12.665,75.14551
UG,2042,Uganda,75954.183,38.93323
UA,2042,Ukraine,35126.355,75.67679
AE,2042,United Arab Emirates,10815.996,91.23078
GB,2042,United Kingdom,71229.386,88.60155
IM,2042,Isle of Man,86.78,60.15416
"['IM', 'GB']",2042,United Kingdom excl. Channel Islands and Isle of Man,70946.133,88.78212
US,2042,United States of America,371871.991,87.62579
"['PR', 'US']",2042,United States of America including Puerto Rico,371787.962,87.62359
PR,2042,Puerto Rico,2955.76,95.01553
US,2042,United States of America excluding Puerto Rico and United States Virgin Islands,368832.202,87.56435
VI,2042,United States Virgin Islands,84.029,97.33297
UY,2042,Uruguay,3396.68,97.01591
UZ,2042,Uzbekistan,42808.673,56.92274
VU,2042,Vanuatu,500.781,31.14003
VE,2042,Venezuela (Bolivarian Rep. of),34821.95,90.68243
VN,2042,Viet Nam,106252.41,52.43751
WF,2042,Wallis and Futuna Islands,11.346,0.0
EH,2042,Western Sahara,781.525,89.53519
YE,2042,Yemen,49345.776,52.08123
YE,2042,"Yemen, Democratic",,
ZM,2042,Zambia,32260.579,57.71456
ZW,2042,Zimbabwe,23644.449,40.68927
ZA,2042,Southern Africa,81741.044,74.69122
"['AU', 'NZ']",2042,"Europe, Northern America, Australia and New Zealand",1175832.895,83.64441
HT,2042,LDCs: Islands and Haiti,18647.633,64.60822
AF,2043,Afghanistan,65768.823,36.65
AL,2043,Albania,2605.325,75.55367
DZ,2043,Algeria,56488.986,82.53019
AS,2043,American Samoa,35.78,89.76415
AD,2043,Andorra,82.01,89.18574
AO,2043,Angola,62306.44,77.98299
AI,2043,Anguilla,15.739,100.0
AG,2043,Antigua and Barbuda,99.838,28.30494
AR,2043,Argentina,50584.827,94.56105
AM,2043,Armenia,2654.03,71.18389
AW,2043,Aruba,99.01,51.53505
AU,2043,Australia,30935.796,89.81316
AT,2043,Austria,9021.774,67.57163
AZ,2043,Azerbaijan,10992.015,67.52947
BS,2043,Bahamas,449.247,87.20022
BH,2043,Bahrain,1735.093,92.44424
BD,2043,Bangladesh,199152.551,54.04729
BB,2043,Barbados,276.014,37.79337
BY,2043,Belarus,8682.46,86.8097
BE,2043,Belgium,12086.81,98.74463
BZ,2043,Belize,513.071,54.03809
BJ,2043,Benin,21980.068,61.61922
BM,2043,Bermuda,59.044,100.0
BT,2043,Bhutan,867.621,54.636
BO,2043,Bolivia (Plurinational State of),15688.782,78.41758
BQ,2043,"Bonaire, Sint Eustatius and Saba",28.605,79.81077
BA,2043,Bosnia and Herzegovina,2882.595,60.7417
BW,2043,Botswana,3460.278,81.91727
BR,2043,Brazil,230886.445,91.46248
VG,2043,British Virgin Islands,34.678,58.41952
BN,2043,Brunei Darussalam,496.172,84.19599
BG,2043,Bulgaria,5561.697,83.02986
BF,2043,Burkina Faso,36023.133,45.64206
BI,2043,Burundi,21227.305,23.90426
CV,2043,Cabo Verde,703.079,75.34029
KH,2043,Cambodia,19707.547,36.6452
CM,2043,Cameroon,45054.826,69.84007
CA,2043,Canada,44510.982,85.69242
KY,2043,Cayman Islands,76.334,100.0
CF,2043,Central African Republic,9986.569,55.88131
TD,2043,Chad,31353.517,34.71256
CL,2043,Chile,20652.665,90.80588
CN,2043,China,1361737.252,77.60517
HK,2043,"China, Hong Kong SAR",7222.4,100.0
MO,2043,"China, Macao SAR",845.33,100.0
"['CN', 'TW']",2043,"China, Taiwan Province of",23320.094,85.87978
CO,2043,Colombia,56651.603,87.41045
KM,2043,Comoros,1150.372,37.91233
CG,2043,Congo,9218.712,77.49513
CD,2043,"Congo, Dem. Rep. of the",183840.294,59.69677
CK,2043,Cook Islands,17.566,81.10697
CR,2043,Costa Rica,5676.705,88.88232
CI,2043,Côte d'Ivoire,45190.221,63.77844
HR,2043,Croatia,3521.261,67.94617
CU,2043,Cuba,10460.869,82.12162
CW,2043,Curaçao,203.466,90.98604
CY,2043,Cyprus,1025.724,72.15275
CZ,2043,Czechia,10520.411,79.9877
CZ,2043,Czechoslovakia,,
DK,2043,Denmark,6352.693,91.34479
DJ,2043,Djibouti,1428.098,83.12655
DM,2043,Dominica,75.391,78.06566
DO,2043,Dominican Republic,12872.473,91.03135
EC,2043,Ecuador,21496.458,71.80661
EG,2043,Egypt,148813.595,51.26199
SV,2043,El Salvador,6686.596,83.70838
GQ,2043,Equatorial Guinea,2526.01,81.08516
ER,2043,Eritrea,5398.164,55.89892
EE,2043,Estonia,1213.847,75.20305
SZ,2043,Eswatini,1542.481,30.98352
ET,2043,Ethiopia,191902.756,34.58789
ET,2043,Ethiopia (...1991),,
FK,2043,Falkland Islands (Malvinas),3.862,85.12713
FO,2043,Faroe Islands,57.822,49.60857
FJ,2043,Fiji,1065.062,67.32738
FI,2043,Finland,5517.065,88.78967
FR,2043,France,69076.082,86.87471
FR,2043,"France, metropolitan",66149.696,86.84223
GF,2043,French Guiana,473.486,90.01814
GP,2043,Guadeloupe,398.23,98.91283
MQ,2043,Martinique,346.603,91.81926
YT,2043,Mayotte,566.226,50.29141
MC,2043,Monaco,36.748,100.0
RE,2043,Réunion,1105.093,99.89155
PF,2043,French Polynesia,343.846,67.33153
GA,2043,Gabon,3419.273,94.33127
GM,2043,Gambia,4196.882,74.47424
GE,2043,Georgia,3486.006,70.01008
DE,2043,Germany,80596.076,82.38736
DE,2043,"Germany, Federal Republic of",,
GH,2043,Ghana,47640.796,69.99054
GI,2043,Gibraltar,32.09,100.0
GR,2043,Greece,9504.635,86.13139
GL,2043,Greenland,55.492,91.26177
GD,2043,Grenada,135.042,44.16745
GU,2043,Guam,192.2,96.45038
GT,2043,Guatemala,23225.677,63.48815
GN,2043,Guinea,21256.643,49.17345
GW,2043,Guinea-Bissau,3121.218,54.19314
GY,2043,Guyana,877.143,33.06908
HT,2043,Haiti,14343.068,71.95403
VA,2043,Holy See,0.668,100.0
HN,2043,Honduras,13503.682,70.83493
HU,2043,Hungary,9113.778,79.58835
IS,2043,Iceland,406.027,95.34509
IN,2043,India,1633430.529,48.30724
ID,2043,Indonesia,311703.932,69.62867
ID,2043,Indonesia (...2002),,
IR,2043,Iran (Islamic Republic of),97421.494,84.2387
IQ,2043,Iraq,67078.936,78.06075
IE,2043,Ireland,5600.737,72.10372
IL,2043,Israel,11978.499,94.79707
IT,2043,Italy,54456.717,78.77559
JM,2043,Jamaica,2645.711,66.98477
JP,2043,Japan,108903.96,94.03552
JO,2043,Jordan,14022.069,94.68027
KZ,2043,Kazakhstan,23981.452,65.62482
KE,2043,Kenya,78039.853,41.62175
KI,2043,Kiribati,174.658,68.02768
KP,2043,"Korea, Dem. People's Rep. of",26285.495,71.13088
KR,2043,"Korea, Republic of",48412.166,84.74767
KW,2043,Kuwait,5028.536,100.0
KG,2043,Kyrgyzstan,8753.624,49.0246
LA,2043,Lao People's Dem. Rep.,9355.58,51.31531
LV,2043,Latvia,1516.659,73.71273
LB,2043,Lebanon,4813.633,92.48746
LS,2043,Lesotho,2779.04,41.8108
LR,2043,Liberia,7988.703,64.54833
LY,2043,Libya,8228.242,86.91069
LT,2043,Lithuania,2306.096,75.46815
LU,2043,Luxembourg,757.069,94.50861
MG,2043,Madagascar,45935.275,53.5261
MW,2043,Malawi,32904.194,27.75535
MY,2043,Malaysia,39880.624,85.73542
MV,2043,Maldives,550.899,50.79409
ML,2043,Mali,40569.803,59.15763
MT,2043,Malta,533.27,96.19861
MH,2043,Marshall Islands,49.431,84.23214
MR,2043,Mauritania,7816.017,69.67005
MU,2043,Mauritius,1269.892,46.39136
MX,2043,Mexico,142297.951,86.70878
FM,2043,Micronesia (Federated States of),132.686,29.42177
MD,2043,"Moldova, Republic of",3052.151,52.55757
MN,2043,Mongolia,4251.855,75.04891
ME,2043,Montenegro,601.475,75.14612
MS,2043,Montserrat,3.997,12.05726
MA,2043,Morocco,43696.563,74.48003
MZ,2043,Mozambique,55157.639,50.96773
MM,2043,Myanmar,59496.666,42.54676
NA,2043,Namibia,3478.878,68.53712
NR,2043,Nauru,14.318,100.0
NP,2043,Nepal,36176.02,32.87775
NL,2043,Netherlands (Kingdom of the),18064.333,96.20443
NC,2043,New Caledonia,341.793,79.2593
NZ,2043,New Zealand,5833.85,89.9195
NI,2043,Nicaragua,8683.724,68.11789
NE,2043,Niger,54507.499,24.45408
NG,2043,Nigeria,338154.157,66.41859
NU,2043,Niue,2.037,58.45191
MK,2043,North Macedonia,1982.876,69.45521
MP,2043,Northern Mariana Islands,51.41,94.02429
NO,2043,Norway,6182.325,89.01354
OM,2043,Oman,5879.774,94.21442
PK,2043,Pakistan,336630.727,47.75727
PW,2043,Palau,17.161,88.02922
PA,2043,Panama,5479.534,77.3439
PA,2043,"Panama, excluding Canal Zone",,
PG,2043,Papua New Guinea,13851.796,20.36686
PY,2043,Paraguay,8251.538,71.24671
PE,2043,Peru,40491.961,83.9176
PH,2043,Philippines,149149.914,57.74778
PL,2043,Poland,36425.187,66.99406
PT,2043,Portugal,9605.092,76.7616
QA,2043,Qatar,3170.142,99.66575
RO,2043,Romania,18049.55,62.95373
RU,2043,Russian Federation,135935.122,81.24335
RW,2043,Rwanda,20728.002,25.55714
BL,2043,Saint Barthélemy,10.698,98.91283
SH,2043,Saint Helena,4.172,48.31461
KN,2043,Saint Kitts and Nevis,47.797,37.31393
LC,2043,Saint Lucia,182.046,24.18536
MF,2043,Saint Martin (French part),35.077,98.91283
PM,2043,Saint Pierre and Miquelon,5.376,92.09117
VC,2043,Saint Vincent and the Grenadines,103.586,62.72214
WS,2043,Samoa,294.704,19.39675
SM,2043,San Marino,32.9,98.84659
ST,2043,Sao Tome and Principe,332.079,83.73958
SA,2043,Saudi Arabia,46056.082,89.11767
SN,2043,Senegal,28321.0,60.59727
RS,2043,Serbia,7860.46,65.25092
SC,2043,Seychelles,115.647,66.94464
SL,2043,Sierra Leone,12457.058,55.39045
SG,2043,Singapore,6405.781,100.0
SX,2043,Sint Maarten (Dutch part),42.719,100.0
SK,2043,Slovakia,5338.769,61.88194
SI,2043,Slovenia,2048.934,65.21697
SB,2043,Solomon Islands,1092.351,34.38263
SO,2043,Somalia,31263.713,59.8465
ZA,2043,South Africa,71016.168,77.31316
SS,2043,South Sudan,15871.459,31.51199
ES,2043,Spain,45607.779,86.49449
LK,2043,Sri Lanka,22190.606,27.41261
PS,2043,State of Palestine,7964.663,83.60559
SD,2043,Sudan,74552.881,47.97774
SD,2043,Sudan (...2011),,
SR,2043,Suriname,708.977,71.68993
SE,2043,Sweden,11592.573,92.35287
"['LI', 'CH']",2043,"Switzerland, Liechtenstein",9624.839,78.81848
LI,2043,Liechtenstein,42.231,18.67217
CH,2043,Switzerland,9582.608,79.08354
SY,2043,Syrian Arab Republic,36225.38,68.70685
TJ,2043,Tajikistan,13940.358,38.36022
TZ,2043,"Tanzania, United Republic of",112307.641,51.0259
TH,2043,Thailand,70193.472,66.0125
TL,2043,Timor-Leste,1713.117,40.68335
TG,2043,Togo,13690.907,56.45938
TK,2043,Tokelau,2.317,0.0
TO,2043,Tonga,126.117,27.1516
TT,2043,Trinidad and Tobago,1521.918,59.83579
TN,2043,Tunisia,13955.442,77.80326
TR,2043,Türkiye,94074.91,84.18087
TM,2043,Turkmenistan,7886.878,65.19748
TC,2043,Turks and Caicos Islands,51.887,96.2991
TV,2043,Tuvalu,12.73,75.46429
UG,2043,Uganda,77419.738,39.57394
UA,2043,Ukraine,34857.729,76.05995
AE,2043,United Arab Emirates,10894.64,91.38039
GB,2043,United Kingdom,71351.746,88.7913
IM,2043,Isle of Man,86.811,60.56937
"['IM', 'GB']",2043,United Kingdom excl. Channel Islands and Isle of Man,71067.664,88.97125
US,2043,United States of America,372864.554,87.83351
"['PR', 'US']",2043,United States of America including Puerto Rico,372781.304,87.83138
PR,2043,Puerto Rico,2928.255,95.10044
US,2043,United States of America excluding Puerto Rico and United States Virgin Islands,369853.049,87.77383
VI,2043,United States Virgin Islands,83.25,97.37345
UY,2043,Uruguay,3391.282,97.0666
UZ,2043,Uzbekistan,43181.331,57.50556
VU,2043,Vanuatu,510.431,31.53198
VE,2043,Venezuela (Bolivarian Rep. of),34984.268,90.839
VN,2043,Viet Nam,106406.496,53.05296
WF,2043,Wallis and Futuna Islands,11.355,0.0
EH,2043,Western Sahara,790.745,89.68692
YE,2043,Yemen,50117.967,52.72579
YE,2043,"Yemen, Democratic",,
ZM,2043,Zambia,32906.91,58.30734
ZW,2043,Zimbabwe,24006.629,41.33744
ZA,2043,Southern Africa,82276.845,75.068
"['AU', 'NZ']",2043,"Europe, Northern America, Australia and New Zealand",1175510.332,83.92542
HT,2043,LDCs: Islands and Haiti,18818.375,65.01935
AF,2044,Afghanistan,66964.99,37.28412
AL,2044,Albania,2585.68,75.94667
DZ,2044,Algeria,57012.291,82.82254
AS,2044,American Samoa,35.434,89.91327
AD,2044,Andorra,81.888,89.34239
AO,2044,Angola,63724.815,78.33906
AI,2044,Anguilla,15.693,100.0
AG,2044,Antigua and Barbuda,99.806,28.67903
AR,2044,Argentina,50759.16,94.65318
AM,2044,Armenia,2643.414,71.6355
AW,2044,Aruba,98.391,51.97626
AU,2044,Australia,31124.643,89.98423
AT,2044,Austria,9011.355,68.0589
AZ,2044,Azerbaijan,10985.175,68.0314
BS,2044,Bahamas,449.788,87.38232
BH,2044,Bahrain,1746.778,92.55707
BD,2044,Bangladesh,199951.236,54.66813
BB,2044,Barbados,274.967,38.22014
BY,2044,Belarus,8644.974,87.029
BE,2044,Belgium,12093.128,98.76601
BZ,2044,Belize,517.095,54.47457
BJ,2044,Benin,22440.979,62.17612
BM,2044,Bermuda,58.657,100.0
BT,2044,Bhutan,869.441,55.07086
BO,2044,Bolivia (Plurinational State of),15829.21,78.76446
BQ,2044,"Bonaire, Sint Eustatius and Saba",28.636,80.07669
BA,2044,Bosnia and Herzegovina,2862.709,61.30451
BW,2044,Botswana,3494.05,82.21259
BR,2044,Brazil,231027.408,91.60658
VG,2044,British Virgin Islands,34.73,58.84645
BN,2044,Brunei Darussalam,496.951,84.41471
BG,2044,Bulgaria,5507.318,83.31213
BF,2044,Burkina Faso,36675.188,46.28635
BI,2044,Burundi,21659.444,24.44779
CV,2044,Cabo Verde,707.058,75.65113
KH,2044,Cambodia,19801.361,37.27709
CM,2044,Cameroon,45938.571,70.31899
CA,2044,Canada,44724.547,85.92986
KY,2044,Cayman Islands,76.523,100.0
CF,2044,Central African Republic,10208.909,56.50728
TD,2044,Chad,32075.501,35.35341
CL,2044,Chile,20669.717,90.96084
CN,2044,China,1355912.82,77.96372
HK,2044,"China, Hong Kong SAR",7191.087,100.0
MO,2044,"China, Macao SAR",850.776,100.0
"['CN', 'TW']",2044,"China, Taiwan Province of",23210.464,86.11666
CO,2044,Colombia,56738.474,87.62501
KM,2044,Comoros,1164.502,38.3416
CG,2044,Congo,9384.941,77.86592
CD,2044,"Congo, Dem. Rep. of the",188523.85,60.29188
CK,2044,Cook Islands,17.585,81.35999
CR,2044,Costa Rica,5684.96,89.07014
CI,2044,Côte d'Ivoire,46065.287,64.31211
HR,2044,Croatia,3494.484,68.43949
CU,2044,Cuba,10405.863,82.41448
CW,2044,Curaçao,203.621,91.11835
CY,2044,Cyprus,1029.129,72.49187
CZ,2044,Czechia,10527.692,80.31256
CZ,2044,Czechoslovakia,,
DK,2044,Denmark,6366.856,91.49046
DJ,2044,Djibouti,1439.706,83.35784
DM,2044,Dominica,75.262,78.35048
DO,2044,Dominican Republic,12924.431,91.18222
EC,2044,Ecuador,21621.378,72.24301
EG,2044,Egypt,150552.248,51.88552
SV,2044,El Salvador,6684.118,83.97751
GQ,2044,Equatorial Guinea,2564.853,81.33846
ER,2044,Eritrea,5481.647,56.50997
EE,2044,Estonia,1208.043,75.51485
SZ,2044,Eswatini,1559.524,31.3756
ET,2044,Ethiopia,195196.696,35.21118
ET,2044,Ethiopia (...1991),,
FK,2044,Falkland Islands (Malvinas),3.852,85.3259
FO,2044,Faroe Islands,58.063,50.04951
FJ,2044,Fiji,1069.814,67.70065
FI,2044,Finland,5509.954,88.97713
FR,2044,France,69079.366,87.08728
FR,2044,"France, metropolitan",66129.829,87.06531
GF,2044,French Guiana,481.833,90.16393
GP,2044,Guadeloupe,397.2,98.93001
MQ,2044,Martinique,344.586,91.94047
YT,2044,Mayotte,579.971,50.73295
MC,2044,Monaco,36.864,100.0
RE,2044,Réunion,1109.083,99.89333
PF,2044,French Polynesia,344.632,67.70482
GA,2044,Gabon,3468.867,94.42757
GM,2044,Gambia,4266.668,74.88088
GE,2044,Georgia,3472.044,70.47184
DE,2044,Germany,80379.918,82.67686
DE,2044,"Germany, Federal Republic of",,
GH,2044,Ghana,48318.003,70.45897
GI,2044,Gibraltar,32.0,100.0
GR,2044,Greece,9457.173,86.3642
GL,2044,Greenland,55.286,91.39063
GD,2044,Grenada,135.279,44.60937
GU,2044,Guam,192.818,96.50496
GT,2044,Guatemala,23438.911,64.02879
GN,2044,Guinea,21611.646,49.81063
GW,2044,Guinea-Bissau,3168.974,54.62971
GY,2044,Guyana,877.955,33.47387
HT,2044,Haiti,14456.973,72.39144
VA,2044,Holy See,0.677,100.0
HN,2044,Honduras,13620.656,71.28801
HU,2044,Hungary,9070.049,79.91997
IS,2044,Iceland,406.626,95.41605
IN,2044,India,1639837.771,48.95489
ID,2044,Indonesia,312729.314,70.09511
ID,2044,Indonesia (...2002),,
IR,2044,Iran (Islamic Republic of),97706.793,84.49845
IQ,2044,Iraq,68160.087,78.41466
IE,2044,Ireland,5622.145,72.53773
IL,2044,Israel,12124.556,94.88582
IT,2044,Italy,54172.671,79.11731
JM,2044,Jamaica,2626.505,67.48932
JP,2044,Japan,108155.545,94.13654
JO,2044,Jordan,14175.26,94.77047
KZ,2044,Kazakhstan,24217.948,66.13351
KE,2044,Kenya,79104.471,42.28047
KI,2044,Kiribati,176.694,68.3972
KP,2044,"Korea, Dem. People's Rep. of",26226.715,71.57868
KR,2044,"Korea, Republic of",48082.601,84.99998
KW,2044,Kuwait,5056.669,100.0
KG,2044,Kyrgyzstan,8855.019,49.67482
LA,2044,Lao People's Dem. Rep.,9421.852,51.94113
LV,2044,Latvia,1504.527,74.03799
LB,2044,Lebanon,4836.471,92.61699
LS,2044,Lesotho,2797.647,42.45276
LR,2044,Liberia,8119.671,65.08609
LY,2044,Libya,8281.052,87.13832
LT,2044,Lithuania,2288.573,75.85864
LU,2044,Luxembourg,760.934,94.59172
MG,2044,Madagascar,46740.497,54.15753
MW,2044,Malawi,33515.465,28.34484
MY,2044,Malaysia,40066.4,85.97222
MV,2044,Maldives,553.876,51.23491
ML,2044,Mali,41544.497,59.74565
MT,2044,Malta,531.758,96.25702
MH,2044,Marshall Islands,49.737,84.45021
MR,2044,Mauritania,7972.905,70.13922
MU,2044,Mauritius,1264.437,46.8336
MX,2044,Mexico,142627.834,86.93266
FM,2044,Micronesia (Federated States of),133.179,29.80448
MD,2044,"Moldova, Republic of",3043.273,53.17949
MN,2044,Mongolia,4292.546,75.44281
ME,2044,Montenegro,599.465,75.4594
MS,2044,Montserrat,3.969,12.25878
MA,2044,Morocco,43915.467,74.88408
MZ,2044,Mozambique,56284.548,51.58552
MM,2044,Myanmar,59595.599,43.19608
NA,2044,Namibia,3522.542,69.01665
NR,2044,Nauru,14.386,100.0
NP,2044,Nepal,36369.545,33.504
NL,2044,Netherlands (Kingdom of the),18046.977,96.26888
NC,2044,New Caledonia,343.639,79.53206
NZ,2044,New Zealand,5853.055,90.08883
NI,2044,Nicaragua,8748.153,68.60057
NE,2044,Niger,56212.092,24.99896
NG,2044,Nigeria,343902.355,66.93163
NU,2044,Niue,2.046,58.91033
MK,2044,North Macedonia,1973.157,69.94258
MP,2044,Northern Mariana Islands,51.272,94.11433
NO,2044,Norway,6211.225,89.19739
OM,2044,Oman,5944.24,94.31246
PK,2044,Pakistan,341250.506,48.39165
PW,2044,Palau,17.092,88.20321
PA,2044,Panama,5519.569,77.71347
PA,2044,"Panama, excluding Canal Zone",,
PG,2044,Papua New Guinea,14009.881,20.85639
PY,2044,Paraguay,8304.646,71.69018
PE,2044,Peru,40734.414,84.18231
PH,2044,Philippines,150475.799,58.33115
PL,2044,Poland,36214.005,67.49125
PT,2044,Portugal,9560.036,77.13852
QA,2044,Qatar,3197.862,99.67145
RO,2044,Romania,17966.025,63.49561
RU,2044,Russian Federation,135554.9,81.55339
RW,2044,Rwanda,21060.157,26.11507
BL,2044,Saint Barthélemy,10.64,98.93001
SH,2044,Saint Helena,4.127,48.76674
KN,2044,Saint Kitts and Nevis,47.691,37.73845
LC,2044,Saint Lucia,181.576,24.52662
MF,2044,Saint Martin (French part),35.162,98.93001
PM,2044,Saint Pierre and Miquelon,5.351,92.20014
VC,2044,Saint Vincent and the Grenadines,103.384,63.12948
WS,2044,Samoa,298.373,19.68944
SM,2044,San Marino,32.813,98.86308
ST,2044,Sao Tome and Principe,337.139,83.96334
SA,2044,Saudi Arabia,46426.615,89.30189
SN,2044,Senegal,28916.792,61.16139
RS,2044,Serbia,7803.325,65.76542
SC,2044,Seychelles,115.864,67.32921
SL,2044,Sierra Leone,12626.22,55.99069
SG,2044,Singapore,6400.931,100.0
SX,2044,Sint Maarten (Dutch part),42.224,100.0
SK,2044,Slovakia,5317.613,62.43415
SI,2044,Slovenia,2043.204,65.73371
SB,2044,Solomon Islands,1111.355,34.79509
SO,2044,Somalia,31997.075,60.41724
ZA,2044,South Africa,71423.671,77.68099
SS,2044,South Sudan,16110.244,32.1346
ES,2044,Spain,45443.43,86.72094
LK,2044,Sri Lanka,22154.591,27.99211
PS,2044,State of Palestine,8095.875,83.88079
SD,2044,Sudan,75955.416,48.63394
SD,2044,Sudan (...2011),,
SR,2044,Suriname,711.736,72.03263
SE,2044,Sweden,11637.925,92.48187
"['LI', 'CH']",2044,"Switzerland, Liechtenstein",9652.19,79.15611
LI,2044,Liechtenstein,42.252,18.95866
CH,2044,Switzerland,9609.938,79.42078
SY,2044,Syrian Arab Republic,36556.446,69.18109
TJ,2044,Tajikistan,14130.345,39.011
TZ,2044,"Tanzania, United Republic of",114794.893,51.65802
TH,2044,Thailand,69915.845,66.51711
TL,2044,Timor-Leste,1727.485,41.11711
TG,2044,Togo,13943.382,57.0546
TK,2044,Tokelau,2.337,0.0
TO,2044,Tonga,126.936,27.51613
TT,2044,Trinidad and Tobago,1517.572,60.25269
TN,2044,Tunisia,14014.784,78.16189
TR,2044,Türkiye,94385.345,84.44438
TM,2044,Turkmenistan,7947.372,65.7365
TC,2044,Turks and Caicos Islands,52.062,96.35503
TV,2044,Tuvalu,12.797,75.77393
UG,2044,Uganda,78886.699,40.21825
UA,2044,Ukraine,34586.035,76.44003
AE,2044,United Arab Emirates,10974.581,91.52766
GB,2044,United Kingdom,71467.675,88.97827
IM,2044,Isle of Man,86.829,60.98279
"['IM', 'GB']",2044,United Kingdom excl. Channel Islands and Isle of Man,71182.807,89.15759
US,2044,United States of America,373798.174,88.03823
"['PR', 'US']",2044,United States of America including Puerto Rico,373715.704,88.03616
PR,2044,Puerto Rico,2900.369,95.18395
US,2044,United States of America excluding Puerto Rico and United States Virgin Islands,370815.335,87.98025
VI,2044,United States Virgin Islands,82.47,97.41426
UY,2044,Uruguay,3385.327,97.11646
UZ,2044,Uzbekistan,43550.919,58.0885
VU,2044,Vanuatu,520.124,31.92677
VE,2044,Venezuela (Bolivarian Rep. of),35139.454,90.9932
VN,2044,Viet Nam,106544.934,53.66748
WF,2044,Wallis and Futuna Islands,11.368,0.0
EH,2044,Western Sahara,799.837,89.83675
YE,2044,Yemen,50885.281,53.36945
YE,2044,"Yemen, Democratic",,
ZM,2044,Zambia,33554.74,58.89773
ZW,2044,Zimbabwe,24367.005,41.98862
ZA,2044,Southern Africa,82797.434,75.4411
"['AU', 'NZ']",2044,"Europe, Northern America, Australia and New Zealand",1175060.676,84.20256
HT,2044,LDCs: Islands and Haiti,18986.945,65.42765
AF,2045,Afghanistan,68161.269,37.92264
AL,2045,Albania,2565.42,76.33527
DZ,2045,Algeria,57533.658,83.111
AS,2045,American Samoa,35.101,90.06015
AD,2045,Andorra,81.739,89.49684
AO,2045,Angola,65146.245,78.69094
AI,2045,Anguilla,15.637,100.0
AG,2045,Antigua and Barbuda,99.743,29.05624
AR,2045,Argentina,50924.787,94.74383
AM,2045,Armenia,2632.515,72.08283
AW,2045,Aruba,97.746,52.41656
AU,2045,Australia,31310.778,90.15273
AT,2045,Austria,8999.968,68.54226
AZ,2045,Azerbaijan,10974.136,68.52918
BS,2045,Bahamas,450.211,87.56225
BH,2045,Bahrain,1758.146,92.66835
BD,2045,Bangladesh,200709.378,55.28752
BB,2045,Barbados,273.86,38.64918
BY,2045,Belarus,8607.465,87.24519
BE,2045,Belgium,12097.719,98.78703
BZ,2045,Belize,521.005,54.91048
BJ,2045,Benin,22905.813,62.72982
BM,2045,Bermuda,58.255,100.0
BT,2045,Bhutan,870.966,55.50481
BO,2045,Bolivia (Plurinational State of),15966.827,79.10726
BQ,2045,"Bonaire, Sint Eustatius and Saba",28.659,80.34124
BA,2045,Bosnia and Herzegovina,2842.606,61.86433
BW,2045,Botswana,3527.139,82.50413
BR,2045,Brazil,231122.502,91.74846
VG,2045,British Virgin Islands,34.768,59.27267
BN,2045,Brunei Darussalam,497.572,84.6309
BG,2045,Bulgaria,5453.35,83.59065
BF,2045,Burkina Faso,37324.984,46.93187
BI,2045,Burundi,22090.717,24.99961
CV,2045,Cabo Verde,710.87,75.95912
KH,2045,Cambodia,19889.964,37.91337
CM,2045,Cameroon,46825.263,70.7935
CA,2045,Canada,44932.177,86.164
KY,2045,Cayman Islands,76.712,100.0
CF,2045,Central African Republic,10430.913,57.13119
TD,2045,Chad,32800.555,35.99956
CL,2045,Chile,20681.489,91.11344
CN,2045,China,1349756.901,78.31812
HK,2045,"China, Hong Kong SAR",7158.43,100.0
MO,2045,"China, Macao SAR",856.168,100.0
"['CN', 'TW']",2045,"China, Taiwan Province of",23095.226,86.35019
CO,2045,Colombia,56812.317,87.83643
KM,2045,Comoros,1178.543,38.77271
CG,2045,Congo,9551.478,78.23231
CD,2045,"Congo, Dem. Rep. of the",193253.818,60.88397
CK,2045,Cook Islands,17.605,81.60958
CR,2045,Costa Rica,5691.658,89.25518
CI,2045,Côte d'Ivoire,46942.511,64.84225
HR,2045,Croatia,3467.671,68.92868
CU,2045,Cuba,10348.775,82.70355
CW,2045,Curaçao,203.744,91.24942
CY,2045,Cyprus,1032.431,72.82838
CZ,2045,Czechia,10535.748,80.63343
CZ,2045,Czechoslovakia,,
DK,2045,Denmark,6380.63,91.63391
DJ,2045,Djibouti,1450.909,83.58652
DM,2045,Dominica,75.112,78.63326
DO,2045,Dominican Republic,12974.297,91.33077
EC,2045,Ecuador,21741.483,72.67523
EG,2045,Egypt,152256.979,52.50846
SV,2045,El Salvador,6679.967,84.24305
GQ,2045,Equatorial Guinea,2603.554,81.5891
ER,2045,Eritrea,5564.343,57.11905
EE,2045,Estonia,1202.18,75.82395
SZ,2045,Eswatini,1576.301,31.77041
ET,2045,Ethiopia,198485.649,35.83956
ET,2045,Ethiopia (...1991),,
FK,2045,Falkland Islands (Malvinas),3.841,85.53459
FO,2045,Faroe Islands,58.303,50.49148
FJ,2045,Fiji,1074.382,68.07205
FI,2045,Finland,5502.517,89.16185
FR,2045,France,69071.473,87.29666
FR,2045,"France, metropolitan",66099.099,87.28516
GF,2045,French Guiana,490.224,90.308
GP,2045,Guadeloupe,396.05,98.94679
MQ,2045,Martinique,342.447,92.06023
YT,2045,Mayotte,593.847,51.1747
MC,2045,Monaco,36.986,100.0
RE,2045,Réunion,1112.82,99.89499
PF,2045,French Polynesia,345.304,68.07609
GA,2045,Gabon,3518.104,94.52238
GM,2045,Gambia,4336.077,75.28321
GE,2045,Georgia,3457.967,70.92942
DE,2045,Germany,80157.776,82.96257
DE,2045,"Germany, Federal Republic of",,
GH,2045,Ghana,48988.101,70.92314
GI,2045,Gibraltar,31.91,100.0
GR,2045,Greece,9408.564,86.5937
GL,2045,Greenland,55.077,91.5178
GD,2045,Grenada,135.5,45.05196
GU,2045,Guam,193.404,96.5587
GT,2045,Guatemala,23646.222,64.56588
GN,2045,Guinea,21966.44,50.44787
GW,2045,Guinea-Bissau,3216.222,55.06557
GY,2045,Guyana,878.575,33.88114
HT,2045,Haiti,14568.753,72.82461
VA,2045,Holy See,0.688,100.0
HN,2045,Honduras,13734.814,71.73685
HU,2045,Hungary,9026.703,80.24756
IS,2045,Iceland,407.149,95.48595
IN,2045,India,1645863.187,49.60289
ID,2045,Indonesia,313666.981,70.55741
ID,2045,Indonesia (...2002),,
IR,2045,Iran (Islamic Republic of),97981.0,84.7547
IQ,2045,Iraq,69232.581,78.76441
IE,2045,Ireland,5642.439,72.96752
IL,2045,Israel,12270.281,94.97313
IT,2045,Italy,53878.465,79.45497
JM,2045,Jamaica,2606.421,67.98988
JP,2045,Japan,107412.293,94.23596
JO,2045,Jordan,14323.826,94.85921
KZ,2045,Kazakhstan,24453.953,66.6385
KE,2045,Kenya,80156.601,42.94195
KI,2045,Kiribati,178.73,68.76412
KP,2045,"Korea, Dem. People's Rep. of",26165.201,72.02227
KR,2045,"Korea, Republic of",47738.573,85.24884
KW,2045,Kuwait,5081.806,100.0
KG,2045,Kyrgyzstan,8954.792,50.32515
LA,2045,Lao People's Dem. Rep.,9486.148,52.56635
LV,2045,Latvia,1492.555,74.36059
LB,2045,Lebanon,4858.147,92.74444
LS,2045,Lesotho,2815.731,43.09727
LR,2045,Liberia,8249.922,65.62005
LY,2045,Libya,8331.094,87.36258
LT,2045,Lithuania,2271.313,76.24485
LU,2045,Luxembourg,764.687,94.67379
MG,2045,Madagascar,47546.606,54.78762
MW,2045,Malawi,34126.156,28.94185
MY,2045,Malaysia,40244.776,86.20571
MV,2045,Maldives,556.821,51.6754
ML,2045,Mali,42526.196,60.33088
MT,2045,Malta,530.247,96.31453
MH,2045,Marshall Islands,50.023,84.66575
MR,2045,Mauritania,8129.917,70.60419
MU,2045,Mauritius,1258.664,47.27629
MX,2045,Mexico,142919.109,87.15334
FM,2045,Micronesia (Federated States of),133.631,30.1906
MD,2045,"Moldova, Republic of",3034.91,53.8004
MN,2045,Mongolia,4332.667,75.83251
ME,2045,Montenegro,597.396,75.77005
MS,2045,Montserrat,3.939,12.4563
MA,2045,Morocco,44126.016,75.28384
MZ,2045,Mozambique,57411.685,52.20521
MM,2045,Myanmar,59682.76,43.84774
NA,2045,Namibia,3566.04,69.49213
NR,2045,Nauru,14.451,100.0
NP,2045,Nepal,36557.101,34.13611
NL,2045,Netherlands (Kingdom of the),18027.049,96.33228
NC,2045,New Caledonia,345.421,79.80183
NZ,2045,New Zealand,5871.298,90.25562
NI,2045,Nicaragua,8810.803,69.07926
NE,2045,Niger,57946.395,25.55188
NG,2045,Nigeria,349603.702,67.44067
NU,2045,Niue,2.055,59.29505
MK,2045,North Macedonia,1963.152,70.42557
MP,2045,Northern Mariana Islands,51.111,94.20319
NO,2045,Norway,6239.281,89.37852
OM,2045,Oman,6008.877,94.40893
PK,2045,Pakistan,345818.945,49.02656
PW,2045,Palau,17.027,88.37269
PA,2045,Panama,5558.419,78.07872
PA,2045,"Panama, excluding Canal Zone",,
PG,2045,Papua New Guinea,14165.403,21.35454
PY,2045,Paraguay,8356.299,72.12946
PE,2045,Peru,40968.891,84.44346
PH,2045,Philippines,151774.78,58.9122
PL,2045,Poland,36001.211,67.98453
PT,2045,Portugal,9513.43,77.51112
QA,2045,Qatar,3225.544,99.67705
RO,2045,Romania,17882.022,64.03409
RU,2045,Russian Federation,135171.274,81.85944
RW,2045,Rwanda,21391.576,26.68082
BL,2045,Saint Barthélemy,10.574,98.94679
SH,2045,Saint Helena,4.08,49.19925
KN,2045,Saint Kitts and Nevis,47.578,38.16474
LC,2045,Saint Lucia,181.055,24.87132
MF,2045,Saint Martin (French part),35.24,98.94679
PM,2045,Saint Pierre and Miquelon,5.329,92.31716
VC,2045,Saint Vincent and the Grenadines,103.158,63.53363
WS,2045,Samoa,302.043,19.98569
SM,2045,San Marino,32.709,98.88236
ST,2045,Sao Tome and Principe,342.154,84.1848
SA,2045,Saudi Arabia,46785.937,89.48336
SN,2045,Senegal,29516.982,61.72253
RS,2045,Serbia,7745.449,66.27623
SC,2045,Seychelles,116.059,67.71216
SL,2045,Sierra Leone,12793.558,56.58919
SG,2045,Singapore,6394.197,100.0
SX,2045,Sint Maarten (Dutch part),41.703,100.0
SK,2045,Slovakia,5296.171,62.98316
SI,2045,Slovenia,2037.161,66.24672
SB,2045,Solomon Islands,1130.412,35.20981
SO,2045,Somalia,32734.341,60.98516
ZA,2045,South Africa,71816.201,78.04456
SS,2045,South Sudan,16343.904,32.76362
ES,2045,Spain,45269.679,86.94418
LK,2045,Sri Lanka,22112.321,28.57905
PS,2045,State of Palestine,8226.308,84.15224
SD,2045,Sudan,77363.663,49.29062
SD,2045,Sudan (...2011),,
SR,2045,Suriname,714.358,72.37269
SE,2045,Sweden,11683.489,92.60885
"['LI', 'CH']",2045,"Switzerland, Liechtenstein",9678.762,79.48971
LI,2045,Liechtenstein,42.273,19.2474
CH,2045,Switzerland,9636.489,79.75398
SY,2045,Syrian Arab Republic,36873.389,69.65133
TJ,2045,Tajikistan,14317.447,39.66571
TZ,2045,"Tanzania, United Republic of",117289.963,52.2896
TH,2045,Thailand,69620.972,67.01797
TL,2045,Timor-Leste,1741.563,41.55227
TG,2045,Togo,14197.015,57.64779
TK,2045,Tokelau,2.351,0.0
TO,2045,Tonga,127.727,27.88389
TT,2045,Trinidad and Tobago,1512.948,60.66816
TN,2045,Tunisia,14072.181,78.51632
TR,2045,Türkiye,94679.255,84.70429
TM,2045,Turkmenistan,8005.874,66.2715
TC,2045,Turks and Caicos Islands,52.217,96.41176
TV,2045,Tuvalu,12.867,76.07713
UG,2045,Uganda,80354.86,40.86596
UA,2045,Ukraine,34310.784,76.81591
AE,2045,United Arab Emirates,11055.055,91.67266
GB,2045,United Kingdom,71577.118,89.16251
IM,2045,Isle of Man,86.831,61.39468
"['IM', 'GB']",2045,United Kingdom excl. Channel Islands and Isle of Man,71291.518,89.34115
US,2045,United States of America,374669.0,88.23998
"['PR', 'US']",2045,United States of America including Puerto Rico,374587.327,88.23797
PR,2045,Puerto Rico,2872.173,95.26609
US,2045,United States of America excluding Puerto Rico and United States Virgin Islands,371715.154,88.18367
VI,2045,United States Virgin Islands,81.673,97.45494
UY,2045,Uruguay,3378.836,97.16548
UZ,2045,Uzbekistan,43915.921,58.66919
VU,2045,Vanuatu,529.838,32.32422
VE,2045,Venezuela (Bolivarian Rep. of),35288.946,91.14507
VN,2045,Viet Nam,106667.721,54.28088
WF,2045,Wallis and Futuna Islands,11.377,0.0
EH,2045,Western Sahara,808.769,89.98466
YE,2045,Yemen,51644.122,54.01198
YE,2045,"Yemen, Democratic",,
ZM,2045,Zambia,34204.865,59.48557
ZW,2045,Zimbabwe,24723.911,42.64261
ZA,2045,Southern Africa,83301.412,75.81035
"['AU', 'NZ']",2045,"Europe, Northern America, Australia and New Zealand",1174474.677,84.47576
HT,2045,LDCs: Islands and Haiti,19153.022,65.83294
AF,2046,Afghanistan,69355.671,38.56538
AL,2046,Albania,2544.581,76.71955
DZ,2046,Algeria,58050.507,83.39559
AS,2046,American Samoa,34.784,90.20489
AD,2046,Andorra,81.558,89.64899
AO,2046,Angola,66573.219,79.03864
AI,2046,Anguilla,15.575,100.0
AG,2046,Antigua and Barbuda,99.658,29.43609
AR,2046,Argentina,51081.914,94.83302
AM,2046,Armenia,2621.3,72.52579
AW,2046,Aruba,97.069,52.85683
AU,2046,Australia,31493.926,90.31871
AT,2046,Austria,8987.428,69.02163
AZ,2046,Azerbaijan,10959.389,69.02273
BS,2046,Bahamas,450.527,87.73992
BH,2046,Bahrain,1769.175,92.77813
BD,2046,Bangladesh,201429.647,55.90528
BB,2046,Barbados,272.705,39.0797
BY,2046,Belarus,8569.634,87.45829
BE,2046,Belgium,12100.428,98.80769
BZ,2046,Belize,524.795,55.34569
BJ,2046,Benin,23373.375,63.2802
BM,2046,Bermuda,57.843,100.0
BT,2046,Bhutan,872.205,55.93804
BO,2046,Bolivia (Plurinational State of),16101.682,79.44596
BQ,2046,"Bonaire, Sint Eustatius and Saba",28.681,80.60387
BA,2046,Bosnia and Herzegovina,2822.28,62.42099
BW,2046,Botswana,3559.38,82.79188
BR,2046,Brazil,231169.239,91.88816
VG,2046,British Virgin Islands,34.789,59.69542
BN,2046,Brunei Darussalam,498.039,84.84448
BG,2046,Bulgaria,5399.681,83.86541
BF,2046,Burkina Faso,37971.748,47.57842
BI,2046,Burundi,22521.094,25.55968
CV,2046,Cabo Verde,714.525,76.26455
KH,2046,Cambodia,19973.587,38.55383
CM,2046,Cameroon,47716.029,71.26351
CA,2046,Canada,45134.172,86.39486
KY,2046,Cayman Islands,76.907,100.0
CF,2046,Central African Republic,10652.537,57.75285
TD,2046,Chad,33528.227,36.65082
CL,2046,Chile,20688.625,91.26372
CN,2046,China,1343210.24,78.66839
HK,2046,"China, Hong Kong SAR",7124.458,100.0
MO,2046,"China, Macao SAR",861.486,100.0
"['CN', 'TW']",2046,"China, Taiwan Province of",22974.401,86.58041
CO,2046,Colombia,56873.465,88.04473
KM,2046,Comoros,1192.453,39.20561
CG,2046,Congo,9718.073,78.59431
CD,2046,"Congo, Dem. Rep. of the",198033.915,61.47287
CK,2046,Cook Islands,17.62,81.86021
CR,2046,Costa Rica,5696.869,89.43747
CI,2046,Côte d'Ivoire,47821.216,65.36875
HR,2046,Croatia,3440.872,69.41367
CU,2046,Cuba,10289.433,82.98886
CW,2046,Curaçao,203.847,91.37869
CY,2046,Cyprus,1035.631,73.16237
CZ,2046,Czechia,10544.122,80.9503
CZ,2046,Czechoslovakia,,
DK,2046,Denmark,6394.059,91.77516
DJ,2046,Djibouti,1461.817,83.8127
DM,2046,Dominica,74.947,78.91366
DO,2046,Dominican Republic,13021.61,91.47707
EC,2046,Ecuador,21856.853,73.10323
EG,2046,Egypt,153937.518,53.13062
SV,2046,El Salvador,6674.258,84.50499
GQ,2046,Equatorial Guinea,2641.89,81.83717
ER,2046,Eritrea,5646.149,57.72597
EE,2046,Estonia,1196.252,76.13039
SZ,2046,Eswatini,1592.766,32.16784
ET,2046,Ethiopia,201764.87,36.47283
ET,2046,Ethiopia (...1991),,
FK,2046,Falkland Islands (Malvinas),3.833,85.73427
FO,2046,Faroe Islands,58.536,50.93198
FJ,2046,Fiji,1078.746,68.44109
FI,2046,Finland,5494.829,89.34383
FR,2046,France,69053.519,87.50288
FR,2046,"France, metropolitan",66058.684,87.50181
GF,2046,French Guiana,498.626,90.45005
GP,2046,Guadeloupe,394.784,98.96326
MQ,2046,Martinique,340.185,92.17843
YT,2046,Mayotte,607.825,51.616
MC,2046,Monaco,37.113,100.0
RE,2046,Réunion,1116.302,99.89661
PF,2046,French Polynesia,345.86,68.44498
GA,2046,Gabon,3566.979,94.61563
GM,2046,Gambia,4405.075,75.68116
GE,2046,Georgia,3443.699,71.38282
DE,2046,Germany,79928.542,83.24453
DE,2046,"Germany, Federal Republic of",,
GH,2046,Ghana,49650.302,71.38297
GI,2046,Gibraltar,31.811,100.0
GR,2046,Greece,9358.679,86.81993
GL,2046,Greenland,54.866,91.64213
GD,2046,Grenada,135.696,45.49619
GU,2046,Guam,193.945,96.61188
GT,2046,Guatemala,23848.004,65.09933
GN,2046,Guinea,22319.58,51.08497
GW,2046,Guinea-Bissau,3263.074,55.50065
GY,2046,Guyana,878.991,34.29068
HT,2046,Haiti,14677.93,73.25349
VA,2046,Holy See,0.697,100.0
HN,2046,Honduras,13845.9,72.18141
HU,2046,Hungary,8983.698,80.57108
IS,2046,Iceland,407.601,95.55476
IN,2046,India,1651513.758,50.25102
ID,2046,Indonesia,314535.14,71.01552
ID,2046,Indonesia (...2002),,
IR,2046,Iran (Islamic Republic of),98240.506,85.00746
IQ,2046,Iraq,70303.215,79.11001
IE,2046,Ireland,5661.52,73.39304
IL,2046,Israel,12415.856,95.05903
IT,2046,Italy,53574.516,79.78856
JM,2046,Jamaica,2585.443,68.48629
JP,2046,Japan,106674.353,94.33379
JO,2046,Jordan,14468.011,94.94654
KZ,2046,Kazakhstan,24688.978,67.1397
KE,2046,Kenya,81195.005,43.60595
KI,2046,Kiribati,180.752,69.12945
KP,2046,"Korea, Dem. People's Rep. of",26100.272,72.4616
KR,2046,"Korea, Republic of",47379.594,85.49428
KW,2046,Kuwait,5103.734,100.0
KG,2046,Kyrgyzstan,9052.936,50.97538
LA,2046,Lao People's Dem. Rep.,9548.627,53.19077
LV,2046,Latvia,1480.684,74.68059
LB,2046,Lebanon,4878.16,92.86987
LS,2046,Lesotho,2833.338,43.74411
LR,2046,Liberia,8379.107,66.15008
LY,2046,Libya,8378.414,87.58347
LT,2046,Lithuania,2254.285,76.62681
LU,2046,Luxembourg,768.343,94.75452
MG,2046,Madagascar,48355.513,55.41619
MW,2046,Malawi,34735.673,29.54624
MY,2046,Malaysia,40415.981,86.43593
MV,2046,Maldives,559.692,52.11591
ML,2046,Mali,43508.588,60.91317
MT,2046,Malta,528.737,96.37118
MH,2046,Marshall Islands,50.294,84.87929
MR,2046,Mauritania,8286.96,71.0649
MU,2046,Mauritius,1252.597,47.71949
MX,2046,Mexico,143170.995,87.37083
FM,2046,Micronesia (Federated States of),134.048,30.57985
MD,2046,"Moldova, Republic of",3026.902,54.42015
MN,2046,Mongolia,4372.111,76.21794
ME,2046,Montenegro,595.288,76.07808
MS,2046,Montserrat,3.905,12.67969
MA,2046,Morocco,44327.743,75.67931
MZ,2046,Mozambique,58538.611,52.82421
MM,2046,Myanmar,59755.787,44.50154
NA,2046,Namibia,3609.486,69.96351
NR,2046,Nauru,14.513,100.0
NP,2046,Nepal,36738.417,34.77391
NL,2046,Netherlands (Kingdom of the),18004.933,96.39464
NC,2046,New Caledonia,347.128,80.06908
NZ,2046,New Zealand,5888.568,90.41989
NI,2046,Nicaragua,8871.604,69.55388
NE,2046,Niger,59709.808,26.11277
NG,2046,Nigeria,355245.595,67.94563
NU,2046,Niue,2.066,59.72851
MK,2046,North Macedonia,1952.886,70.90396
MP,2046,Northern Mariana Islands,50.931,94.29162
NO,2046,Norway,6266.468,89.55697
OM,2046,Oman,6073.623,94.50386
PK,2046,Pakistan,350343.72,49.66178
PW,2046,Palau,16.955,88.53967
PA,2046,Panama,5596.146,78.43965
PA,2046,"Panama, excluding Canal Zone",,
PG,2046,Papua New Guinea,14319.594,21.8613
PY,2046,Paraguay,8406.438,72.56455
PE,2046,Peru,41196.444,84.70109
PH,2046,Philippines,153050.505,59.49076
PL,2046,Poland,35787.488,68.47381
PT,2046,Portugal,9465.531,77.87939
QA,2046,Qatar,3253.042,99.68254
RO,2046,Romania,17797.514,64.56906
RU,2046,Russian Federation,134783.212,82.16152
RW,2046,Rwanda,21722.279,27.2543
BL,2046,Saint Barthélemy,10.507,98.96326
SH,2046,Saint Helena,4.035,49.64589
KN,2046,Saint Kitts and Nevis,47.453,38.59328
LC,2046,Saint Lucia,180.493,25.21912
MF,2046,Saint Martin (French part),35.304,98.96326
PM,2046,Saint Pierre and Miquelon,5.298,92.43479
VC,2046,Saint Vincent and the Grenadines,102.902,63.93648
WS,2046,Samoa,305.699,20.28514
SM,2046,San Marino,32.6,98.89851
ST,2046,Sao Tome and Principe,347.13,84.4037
SA,2046,Saudi Arabia,47133.219,89.66211
SN,2046,Senegal,30119.469,62.28057
RS,2046,Serbia,7686.973,66.78327
SC,2046,Seychelles,116.231,68.09324
SL,2046,Sierra Leone,12958.858,57.18577
SG,2046,Singapore,6385.724,100.0
SX,2046,Sint Maarten (Dutch part),41.159,100.0
SK,2046,Slovakia,5274.528,63.52882
SI,2046,Slovenia,2030.851,66.75594
SB,2046,Solomon Islands,1149.476,35.6268
SO,2046,Somalia,33475.243,61.55011
ZA,2046,South Africa,72192.155,78.40384
SS,2046,South Sudan,16573.684,33.3989
ES,2046,Spain,45084.984,87.16422
LK,2046,Sri Lanka,22064.179,29.1733
PS,2046,State of Palestine,8355.71,84.41997
SD,2046,Sudan,78780.862,49.94754
SD,2046,Sudan (...2011),,
SR,2046,Suriname,716.841,72.71018
SE,2046,Sweden,11728.859,92.73387
"['LI', 'CH']",2046,"Switzerland, Liechtenstein",9704.469,79.81931
LI,2046,Liechtenstein,42.289,19.54077
CH,2046,Switzerland,9662.18,80.08314
SY,2046,Syrian Arab Republic,37176.391,70.11748
TJ,2046,Tajikistan,14501.303,40.32415
TZ,2046,"Tanzania, United Republic of",119800.689,52.92046
TH,2046,Thailand,69308.194,67.51501
TL,2046,Timor-Leste,1755.296,41.98872
TG,2046,Togo,14452.162,58.23879
TK,2046,Tokelau,2.364,0.0
TO,2046,Tonga,128.483,28.25523
TT,2046,Trinidad and Tobago,1508.022,61.08214
TN,2046,Tunisia,14127.222,78.86656
TR,2046,Türkiye,94954.36,84.96063
TM,2046,Turkmenistan,8062.292,66.80236
TC,2046,Turks and Caicos Islands,52.365,96.46688
TV,2046,Tuvalu,12.933,76.38635
UG,2046,Uganda,81821.514,41.51685
UA,2046,Ukraine,34030.556,77.18758
AE,2046,United Arab Emirates,11135.424,91.8154
GB,2046,United Kingdom,71678.197,89.34404
IM,2046,Isle of Man,86.822,61.80592
"['IM', 'GB']",2046,United Kingdom excl. Channel Islands and Isle of Man,71391.913,89.52197
US,2046,United States of America,375476.5,88.43879
"['PR', 'US']",2046,United States of America including Puerto Rico,375395.633,88.43683
PR,2046,Puerto Rico,2843.718,95.34692
US,2046,United States of America excluding Puerto Rico and United States Virgin Islands,372551.915,88.38409
VI,2046,United States Virgin Islands,80.867,97.49402
UY,2046,Uruguay,3371.743,97.21374
UZ,2046,Uzbekistan,44274.499,59.24748
VU,2046,Vanuatu,539.582,32.72435
VE,2046,Venezuela (Bolivarian Rep. of),35432.031,91.29461
VN,2046,Viet Nam,106773.162,54.89299
WF,2046,Wallis and Futuna Islands,11.381,0.0
EH,2046,Western Sahara,817.525,90.13062
YE,2046,Yemen,52395.228,54.65318
YE,2046,"Yemen, Democratic",,
ZM,2046,Zambia,34857.072,60.07071
ZW,2046,Zimbabwe,25075.678,43.29917
ZA,2046,Southern Africa,83787.125,76.17567
"['AU', 'NZ']",2046,"Europe, Northern America, Australia and New Zealand",1173745.935,84.74504
HT,2046,LDCs: Islands and Haiti,19315.97,66.23522
AF,2047,Afghanistan,70546.052,39.21212
AL,2047,Albania,2523.233,77.09945
DZ,2047,Algeria,58559.198,83.67633
AS,2047,American Samoa,34.481,90.34884
AD,2047,Andorra,81.347,89.7987
AO,2047,Angola,68005.916,79.38215
AI,2047,Anguilla,15.511,100.0
AG,2047,Antigua and Barbuda,99.543,29.81898
AR,2047,Argentina,51231.274,94.92079
AM,2047,Armenia,2609.802,72.96438
AW,2047,Aruba,96.374,53.29639
AU,2047,Australia,31673.994,90.48218
AT,2047,Austria,8973.593,69.49695
AZ,2047,Azerbaijan,10941.124,69.51199
BS,2047,Bahamas,450.708,87.91557
BH,2047,Bahrain,1779.843,92.88636
BD,2047,Bangladesh,202111.723,56.52122
BB,2047,Barbados,271.515,39.51168
BY,2047,Belarus,8531.294,87.66833
BE,2047,Belgium,12100.897,98.82801
BZ,2047,Belize,528.472,55.78
BJ,2047,Benin,23842.061,63.82715
BM,2047,Bermuda,57.417,100.0
BT,2047,Bhutan,873.151,56.37022
BO,2047,Bolivia (Plurinational State of),16233.225,79.78058
BQ,2047,"Bonaire, Sint Eustatius and Saba",28.698,80.86174
BA,2047,Bosnia and Herzegovina,2801.773,62.97442
BW,2047,Botswana,3590.737,83.07586
BR,2047,Brazil,231168.894,92.02569
VG,2047,British Virgin Islands,34.801,60.11863
BN,2047,Brunei Darussalam,498.353,85.05576
BG,2047,Bulgaria,5346.269,84.13645
BF,2047,Burkina Faso,38617.149,48.22578
BI,2047,Burundi,22949.637,26.12792
CV,2047,Cabo Verde,718.032,76.56723
KH,2047,Cambodia,20052.513,39.19827
CM,2047,Cameroon,48606.952,71.72899
CA,2047,Canada,45330.641,86.62247
KY,2047,Cayman Islands,77.097,100.0
CF,2047,Central African Republic,10873.819,58.37206
TD,2047,Chad,34258.637,37.307
CL,2047,Chile,20691.596,91.4117
CN,2047,China,1336262.908,79.01452
HK,2047,"China, Hong Kong SAR",7089.171,100.0
MO,2047,"China, Macao SAR",866.719,100.0
"['CN', 'TW']",2047,"China, Taiwan Province of",22848.796,86.80734
CO,2047,Colombia,56921.552,88.24994
KM,2047,Comoros,1206.213,39.6402
CG,2047,Congo,9884.345,78.9519
CD,2047,"Congo, Dem. Rep. of the",202854.315,62.05843
CK,2047,Cook Islands,17.635,82.10685
CR,2047,Costa Rica,5700.565,89.61701
CI,2047,Côte d'Ivoire,48702.637,65.89152
HR,2047,Croatia,3414.044,69.89441
CU,2047,Cuba,10227.682,83.27042
CW,2047,Curaçao,203.924,91.50583
CY,2047,Cyprus,1038.743,73.49367
CZ,2047,Czechia,10552.717,81.26319
CZ,2047,Czechoslovakia,,
DK,2047,Denmark,6407.171,91.91423
DJ,2047,Djibouti,1472.461,84.03641
DM,2047,Dominica,74.769,79.1908
DO,2047,Dominican Republic,13065.951,91.62111
EC,2047,Ecuador,21967.446,73.52696
EG,2047,Egypt,155594.88,53.75182
SV,2047,El Salvador,6667.096,84.76338
GQ,2047,Equatorial Guinea,2679.707,82.08259
ER,2047,Eritrea,5726.855,58.33057
EE,2047,Estonia,1190.245,76.43424
SZ,2047,Eswatini,1608.885,32.56782
ET,2047,Ethiopia,205033.875,37.11082
ET,2047,Ethiopia (...1991),,
FK,2047,Falkland Islands (Malvinas),3.822,85.95447
FO,2047,Faroe Islands,58.772,51.37221
FJ,2047,Fiji,1082.892,68.80775
FI,2047,Finland,5486.833,89.52311
FR,2047,France,69027.969,87.70599
FR,2047,"France, metropolitan",66011.064,87.71529
GF,2047,French Guiana,507.064,90.59022
GP,2047,Guadeloupe,393.422,98.97962
MQ,2047,Martinique,337.807,92.2949
YT,2047,Mayotte,621.875,52.0573
MC,2047,Monaco,37.249,100.0
RE,2047,Réunion,1119.488,99.8983
PF,2047,French Polynesia,346.307,68.81189
GA,2047,Gabon,3615.404,94.70737
GM,2047,Gambia,4473.507,76.07477
GE,2047,Georgia,3429.255,71.83194
DE,2047,Germany,79691.578,83.52275
DE,2047,"Germany, Federal Republic of",,
GH,2047,Ghana,50306.482,71.83841
GI,2047,Gibraltar,31.706,100.0
GR,2047,Greece,9307.471,87.04292
GL,2047,Greenland,54.649,91.76581
GD,2047,Grenada,135.867,45.93979
GU,2047,Guam,194.441,96.66411
GT,2047,Guatemala,24044.234,65.62902
GN,2047,Guinea,22669.657,51.72171
GW,2047,Guinea-Bissau,3309.375,55.93491
GY,2047,Guyana,879.203,34.70273
HT,2047,Haiti,14784.689,73.67806
VA,2047,Holy See,0.704,100.0
HN,2047,Honduras,13953.405,72.62166
HU,2047,Hungary,8941.182,80.89057
IS,2047,Iceland,407.977,95.6227
IN,2047,India,1656777.045,50.89907
ID,2047,Indonesia,315329.358,71.46938
ID,2047,Indonesia (...2002),,
IR,2047,Iran (Islamic Republic of),98479.032,85.25675
IQ,2047,Iraq,71367.305,79.45144
IE,2047,Ireland,5679.407,73.81428
IL,2047,Israel,12561.227,95.14354
IT,2047,Italy,53260.724,80.11809
JM,2047,Jamaica,2563.64,68.97855
JP,2047,Japan,105942.538,94.43006
JO,2047,Jordan,14608.09,95.03246
KZ,2047,Kazakhstan,24922.4,67.63703
KE,2047,Kenya,82219.527,44.27226
KI,2047,Kiribati,182.748,69.49194
KP,2047,"Korea, Dem. People's Rep. of",26032.162,72.89662
KR,2047,"Korea, Republic of",47004.124,85.73632
KW,2047,Kuwait,5122.198,100.0
KG,2047,Kyrgyzstan,9149.386,51.62527
LA,2047,Lao People's Dem. Rep.,9608.954,53.8142
LV,2047,Latvia,1468.878,74.99795
LB,2047,Lebanon,4896.315,92.99328
LS,2047,Lesotho,2850.533,44.39311
LR,2047,Liberia,8507.779,66.67608
LY,2047,Libya,8423.078,87.80104
LT,2047,Lithuania,2237.425,77.00452
LU,2047,Luxembourg,771.898,94.83418
MG,2047,Madagascar,49165.426,56.04303
MW,2047,Malawi,35344.273,30.15789
MY,2047,Malaysia,40580.199,86.6629
MV,2047,Maldives,562.457,52.55588
ML,2047,Mali,44489.503,61.49236
MT,2047,Malta,527.222,96.42691
MH,2047,Marshall Islands,50.553,85.09071
MR,2047,Mauritania,8443.897,71.52131
MU,2047,Mauritius,1246.298,48.16301
MX,2047,Mexico,143384.384,87.58516
FM,2047,Micronesia (Federated States of),134.436,30.97128
MD,2047,"Moldova, Republic of",3019.227,55.03853
MN,2047,Mongolia,4410.654,76.59915
ME,2047,Montenegro,593.128,76.38333
MS,2047,Montserrat,3.873,12.88717
MA,2047,Morocco,44520.762,76.07047
MZ,2047,Mozambique,59669.022,53.44235
MM,2047,Myanmar,59817.137,45.15724
NA,2047,Namibia,3652.704,70.43068
NR,2047,Nauru,14.563,100.0
NP,2047,Nepal,36914.245,35.41722
NL,2047,Netherlands (Kingdom of the),17980.469,96.45598
NC,2047,New Caledonia,348.766,80.33359
NZ,2047,New Zealand,5904.945,90.58169
NI,2047,Nicaragua,8930.546,70.02439
NE,2047,Niger,61501.999,26.68155
NG,2047,Nigeria,360853.52,68.44642
NU,2047,Niue,2.076,60.14656
MK,2047,North Macedonia,1942.373,71.37782
MP,2047,Northern Mariana Islands,50.735,94.37751
NO,2047,Norway,6292.968,89.73278
OM,2047,Oman,6138.38,94.59727
PK,2047,Pakistan,354810.48,50.29711
PW,2047,Palau,16.881,88.70353
PA,2047,Panama,5632.9,78.79625
PA,2047,"Panama, excluding Canal Zone",,
PG,2047,Papua New Guinea,14471.387,22.37666
PY,2047,Paraguay,8455.07,72.99539
PE,2047,Peru,41416.289,84.95522
PH,2047,Philippines,154302.926,60.06671
PL,2047,Poland,35573.947,68.95904
PT,2047,Portugal,9416.346,78.24332
QA,2047,Qatar,3280.24,99.68797
RO,2047,Romania,17712.699,65.1004
RU,2047,Russian Federation,134390.857,82.45965
RW,2047,Rwanda,22052.274,27.83543
BL,2047,Saint Barthélemy,10.44,98.97962
SH,2047,Saint Helena,3.995,50.09483
KN,2047,Saint Kitts and Nevis,47.316,39.02362
LC,2047,Saint Lucia,179.892,25.56972
MF,2047,Saint Martin (French part),35.355,98.97962
PM,2047,Saint Pierre and Miquelon,5.264,92.55928
VC,2047,Saint Vincent and the Grenadines,102.627,64.33731
WS,2047,Samoa,309.327,20.58778
SM,2047,San Marino,32.486,98.9176
ST,2047,Sao Tome and Principe,352.075,84.62019
SA,2047,Saudi Arabia,47466.783,89.83817
SN,2047,Senegal,30724.934,62.83537
RS,2047,Serbia,7627.989,67.28645
SC,2047,Seychelles,116.377,68.47133
SL,2047,Sierra Leone,13122.257,57.78027
SG,2047,Singapore,6375.719,100.0
SX,2047,Sint Maarten (Dutch part),40.608,100.0
SK,2047,Slovakia,5252.775,64.07103
SI,2047,Slovenia,2024.309,67.26129
SB,2047,Solomon Islands,1168.539,36.04593
SO,2047,Somalia,34220.748,62.11197
ZA,2047,South Africa,72551.393,78.75885
SS,2047,South Sudan,16800.487,34.04025
ES,2047,Spain,44887.98,87.38108
LK,2047,Sri Lanka,22009.917,29.77475
PS,2047,State of Palestine,8484.102,84.684
SD,2047,Sudan,80204.857,50.60448
SD,2047,Sudan (...2011),,
SR,2047,Suriname,719.188,73.04522
SE,2047,Sweden,11773.615,92.85694
"['LI', 'CH']",2047,"Switzerland, Liechtenstein",9729.261,80.1449
LI,2047,Liechtenstein,42.3,19.83504
CH,2047,Switzerland,9686.961,80.40826
SY,2047,Syrian Arab Republic,37468.039,70.57951
TJ,2047,Tajikistan,14682.375,40.9861
TZ,2047,"Tanzania, United Republic of",122319.85,53.55038
TH,2047,Thailand,68977.527,68.00812
TL,2047,Timor-Leste,1768.695,42.42644
TG,2047,Togo,14707.912,58.82742
TK,2047,Tokelau,2.383,0.0
TO,2047,Tonga,129.214,28.62923
TT,2047,Trinidad and Tobago,1502.772,61.49442
TN,2047,Tunisia,14179.682,79.2126
TR,2047,Türkiye,95208.646,85.21343
TM,2047,Turkmenistan,8116.436,67.32899
TC,2047,Turks and Caicos Islands,52.513,96.52091
TV,2047,Tuvalu,12.999,76.68365
UG,2047,Uganda,83284.173,42.17072
UA,2047,Ukraine,33746.167,77.55504
AE,2047,United Arab Emirates,11215.445,91.9559
GB,2047,United Kingdom,71768.516,89.52287
IM,2047,Isle of Man,86.801,62.21395
"['IM', 'GB']",2047,United Kingdom excl. Channel Islands and Isle of Man,71481.591,89.70007
US,2047,United States of America,376230.641,88.63467
"['PR', 'US']",2047,United States of America including Puerto Rico,376150.592,88.63278
PR,2047,Puerto Rico,2815.019,95.42643
US,2047,United States of America excluding Puerto Rico and United States Virgin Islands,373335.573,88.58155
VI,2047,United States Virgin Islands,80.049,97.5331
UY,2047,Uruguay,3364.011,97.26117
UZ,2047,Uzbekistan,44623.081,59.82322
VU,2047,Vanuatu,549.346,33.12696
VE,2047,Venezuela (Bolivarian Rep. of),35568.603,91.44187
VN,2047,Viet Nam,106860.645,55.50362
WF,2047,Wallis and Futuna Islands,11.383,0.0
EH,2047,Western Sahara,826.136,90.27461
YE,2047,Yemen,53136.711,55.29284
YE,2047,"Yemen, Democratic",,
ZM,2047,Zambia,35510.018,60.65298
ZW,2047,Zimbabwe,25423.417,43.9581
ZA,2047,Southern Africa,84254.252,76.53705
"['AU', 'NZ']",2047,"Europe, Northern America, Australia and New Zealand",1172883.735,85.01043
HT,2047,LDCs: Islands and Haiti,19475.958,66.63452
AF,2048,Afghanistan,71729.374,39.86268
AL,2048,Albania,2501.416,77.47497
DZ,2048,Algeria,59055.401,83.95323
AS,2048,American Samoa,34.178,90.48937
AD,2048,Andorra,81.099,89.94774
AO,2048,Angola,69442.324,79.72147
AI,2048,Anguilla,15.444,100.0
AG,2048,Antigua and Barbuda,99.397,30.20425
AR,2048,Argentina,51371.596,95.00714
AM,2048,Armenia,2598.016,73.39851
AW,2048,Aruba,95.655,53.73583
AU,2048,Australia,31850.587,90.64318
AT,2048,Austria,8958.386,69.96816
AZ,2048,Azerbaijan,10919.53,69.99689
BS,2048,Bahamas,450.774,88.08893
BH,2048,Bahrain,1790.091,92.99307
BD,2048,Bangladesh,202751.082,57.13514
BB,2048,Barbados,270.291,39.94562
BY,2048,Belarus,8491.915,87.87536
BE,2048,Belgium,12099.277,98.84798
BZ,2048,Belize,532.039,56.21332
BJ,2048,Benin,24313.238,64.37053
BM,2048,Bermuda,56.974,100.0
BT,2048,Bhutan,873.814,56.8016
BO,2048,Bolivia (Plurinational State of),16361.324,80.11111
BQ,2048,"Bonaire, Sint Eustatius and Saba",28.712,81.11996
BA,2048,Bosnia and Herzegovina,2781.093,63.52443
BW,2048,Botswana,3621.294,83.3561
BR,2048,Brazil,231124.44,92.1611
VG,2048,British Virgin Islands,34.8,60.53895
BN,2048,Brunei Darussalam,498.521,85.26453
BG,2048,Bulgaria,5293.141,84.40379
BF,2048,Burkina Faso,39262.199,48.87375
BI,2048,Burundi,23374.034,26.70426
CV,2048,Cabo Verde,721.36,76.86727
KH,2048,Cambodia,20126.275,39.8465
CM,2048,Cameroon,49497.461,72.18986
CA,2048,Canada,45521.68,86.84685
KY,2048,Cayman Islands,77.28,100.0
CF,2048,Central African Republic,11094.632,58.98864
TD,2048,Chad,34991.776,37.96788
CL,2048,Chile,20690.521,91.5574
CN,2048,China,1328873.607,79.3565
HK,2048,"China, Hong Kong SAR",7052.591,100.0
MO,2048,"China, Macao SAR",871.846,100.0
"['CN', 'TW']",2048,"China, Taiwan Province of",22718.573,87.03101
CO,2048,Colombia,56956.823,88.45209
KM,2048,Comoros,1219.782,40.07638
CG,2048,Congo,10049.919,79.30509
CD,2048,"Congo, Dem. Rep. of the",207716.793,62.64049
CK,2048,Cook Islands,17.651,82.34671
CR,2048,Costa Rica,5702.694,89.79385
CI,2048,Côte d'Ivoire,49586.273,66.41045
HR,2048,Croatia,3387.15,70.37082
CU,2048,Cuba,10163.491,83.54823
CW,2048,Curaçao,203.987,91.63147
CY,2048,Cyprus,1041.776,73.82239
CZ,2048,Czechia,10561.172,81.57213
CZ,2048,Czechoslovakia,,
DK,2048,Denmark,6419.976,92.05114
DJ,2048,Djibouti,1482.795,84.25756
DM,2048,Dominica,74.576,79.46491
DO,2048,Dominican Republic,13107.192,91.76295
EC,2048,Ecuador,22073.004,73.9464
EG,2048,Egypt,157213.75,54.37185
SV,2048,El Salvador,6658.486,85.0182
GQ,2048,Equatorial Guinea,2717.119,82.32542
ER,2048,Eritrea,5806.459,58.93268
EE,2048,Estonia,1184.16,76.7353
SZ,2048,Eswatini,1624.681,32.97042
ET,2048,Ethiopia,208297.232,37.75334
ET,2048,Ethiopia (...1991),,
FK,2048,Falkland Islands (Malvinas),3.812,86.13549
FO,2048,Faroe Islands,58.999,51.81217
FJ,2048,Fiji,1086.848,69.17219
FI,2048,Finland,5478.418,89.69973
FR,2048,France,68994.952,87.90603
FR,2048,"France, metropolitan",65956.429,87.92563
GF,2048,French Guiana,515.523,90.72855
GP,2048,Guadeloupe,391.969,98.99549
MQ,2048,Martinique,335.33,92.40963
YT,2048,Mayotte,635.957,52.49814
MC,2048,Monaco,37.386,100.0
RE,2048,Réunion,1122.358,99.89986
PF,2048,French Polynesia,346.632,69.17604
GA,2048,Gabon,3663.233,94.79767
GM,2048,Gambia,4541.056,76.46399
GE,2048,Georgia,3414.595,72.27672
DE,2048,Germany,79446.826,83.79725
DE,2048,"Germany, Federal Republic of",,
GH,2048,Ghana,50955.129,72.28943
GI,2048,Gibraltar,31.591,100.0
GR,2048,Greece,9254.79,87.26269
GL,2048,Greenland,54.434,91.88895
GD,2048,Grenada,136.018,46.38525
GU,2048,Guam,194.898,96.71513
GT,2048,Guatemala,24234.927,66.15486
GN,2048,Guinea,23018.196,52.3579
GW,2048,Guinea-Bissau,3355.175,56.36824
GY,2048,Guyana,879.236,35.11695
HT,2048,Haiti,14888.886,74.09826
VA,2048,Holy See,0.715,100.0
HN,2048,Honduras,14058.003,73.05753
HU,2048,Hungary,8899.389,81.20604
IS,2048,Iceland,408.304,95.68948
IN,2048,India,1661705.662,51.54682
ID,2048,Indonesia,316037.84,71.91894
ID,2048,Indonesia (...2002),,
IR,2048,Iran (Islamic Republic of),98688.811,85.50261
IQ,2048,Iraq,72422.41,79.78873
IE,2048,Ireland,5695.971,74.23121
IL,2048,Israel,12705.844,95.22668
IT,2048,Italy,52936.136,80.44357
JM,2048,Jamaica,2541.082,69.46654
JP,2048,Japan,105216.618,94.52479
JO,2048,Jordan,14744.593,95.11699
KZ,2048,Kazakhstan,25153.483,68.13041
KE,2048,Kenya,83230.07,44.94064
KI,2048,Kiribati,184.719,69.85203
KP,2048,"Korea, Dem. People's Rep. of",25960.806,73.3273
KR,2048,"Korea, Republic of",46610.891,85.97498
KW,2048,Kuwait,5137.002,100.0
KG,2048,Kyrgyzstan,9243.989,52.27462
LA,2048,Lao People's Dem. Rep.,9666.799,54.43642
LV,2048,Latvia,1457.134,75.3126
LB,2048,Lebanon,4912.361,93.11473
LS,2048,Lesotho,2867.124,45.04401
LR,2048,Liberia,8635.984,67.19798
LY,2048,Libya,8464.938,88.01532
LT,2048,Lithuania,2220.704,77.37787
LU,2048,Luxembourg,775.35,94.91281
MG,2048,Madagascar,49974.855,56.66794
MW,2048,Malawi,35952.327,30.77668
MY,2048,Malaysia,40737.582,86.88666
MV,2048,Maldives,565.094,52.99561
ML,2048,Mali,45473.455,62.06832
MT,2048,Malta,525.713,96.48179
MH,2048,Marshall Islands,50.791,85.29897
MR,2048,Mauritania,8600.535,71.97335
MU,2048,Mauritius,1239.794,48.60677
MX,2048,Mexico,143553.921,87.79636
FM,2048,Micronesia (Federated States of),134.8,31.36588
MD,2048,"Moldova, Republic of",3011.89,55.65535
MN,2048,Mongolia,4448.092,76.97608
ME,2048,Montenegro,590.925,76.68595
MS,2048,Montserrat,3.841,13.09172
MA,2048,Morocco,44704.401,76.45729
MZ,2048,Mozambique,60798.387,54.05944
MM,2048,Myanmar,59867.49,45.81463
NA,2048,Namibia,3695.526,70.89362
NR,2048,Nauru,14.614,100.0
NP,2048,Nepal,37084.465,36.06585
NL,2048,Netherlands (Kingdom of the),17954.107,96.51631
NC,2048,New Caledonia,350.32,80.59565
NZ,2048,New Zealand,5920.383,90.74103
NI,2048,Nicaragua,8987.448,70.49071
NE,2048,Niger,63323.897,27.25816
NG,2048,Nigeria,366429.556,68.94297
NU,2048,Niue,2.084,60.58559
MK,2048,North Macedonia,1931.608,71.84696
MP,2048,Northern Mariana Islands,50.518,94.46152
NO,2048,Norway,6318.755,89.90595
OM,2048,Oman,6202.674,94.68919
PK,2048,Pakistan,359208.126,50.93234
PW,2048,Palau,16.814,88.86697
PA,2048,Panama,5668.608,79.14852
PA,2048,"Panama, excluding Canal Zone",,
PG,2048,Papua New Guinea,14620.589,22.90061
PY,2048,Paraguay,8502.115,73.42193
PE,2048,Peru,41627.09,85.20586
PH,2048,Philippines,155526.647,60.63988
PL,2048,Poland,35359.891,69.44014
PT,2048,Portugal,9365.892,78.60291
QA,2048,Qatar,3306.947,99.69329
RO,2048,Romania,17627.677,65.62802
RU,2048,Russian Federation,133988.174,82.75385
RW,2048,Rwanda,22380.425,28.42411
BL,2048,Saint Barthélemy,10.366,98.99549
SH,2048,Saint Helena,3.955,50.54632
KN,2048,Saint Kitts and Nevis,47.179,39.45653
LC,2048,Saint Lucia,179.245,25.92403
MF,2048,Saint Martin (French part),35.401,98.99549
PM,2048,Saint Pierre and Miquelon,5.233,92.65506
VC,2048,Saint Vincent and the Grenadines,102.337,64.73547
WS,2048,Samoa,312.927,20.89424
SM,2048,San Marino,32.347,98.93363
ST,2048,Sao Tome and Principe,356.975,84.83404
SA,2048,Saudi Arabia,47785.458,90.01156
SN,2048,Senegal,31334.118,63.38681
RS,2048,Serbia,7568.411,67.78567
SC,2048,Seychelles,116.496,68.84657
SL,2048,Sierra Leone,13283.013,58.37252
SG,2048,Singapore,6364.24,100.0
SX,2048,Sint Maarten (Dutch part),40.056,100.0
SK,2048,Slovakia,5230.974,64.60968
SI,2048,Slovenia,2017.553,67.76264
SB,2048,Solomon Islands,1187.56,36.4673
SO,2048,Somalia,34967.417,62.67059
ZA,2048,South Africa,72894.219,79.10958
SS,2048,South Sudan,17023.893,34.68751
ES,2048,Spain,44678.17,87.59481
LK,2048,Sri Lanka,21950.18,30.38329
PS,2048,State of Palestine,8611.246,84.94436
SD,2048,Sudan,81634.331,51.26121
SD,2048,Sudan (...2011),,
SR,2048,Suriname,721.418,73.37751
SE,2048,Sweden,11817.527,92.97808
"['LI', 'CH']",2048,"Switzerland, Liechtenstein",9752.865,80.46651
LI,2048,Liechtenstein,42.304,20.13448
CH,2048,Switzerland,9710.561,80.72934
SY,2048,Syrian Arab Republic,37752.283,71.03734
TJ,2048,Tajikistan,14859.804,41.65133
TZ,2048,"Tanzania, United Republic of",124844.557,54.17917
TH,2048,Thailand,68629.306,68.49724
TL,2048,Timor-Leste,1781.805,42.86535
TG,2048,Togo,14964.474,59.41354
TK,2048,Tokelau,2.4,0.0
TO,2048,Tonga,129.913,29.0061
TT,2048,Trinidad and Tobago,1497.18,61.90517
TN,2048,Tunisia,14228.906,79.55444
TR,2048,Türkiye,95439.365,85.46271
TM,2048,Turkmenistan,8168.136,67.85128
TC,2048,Turks and Caicos Islands,52.642,96.57491
TV,2048,Tuvalu,13.075,76.98605
UG,2048,Uganda,84738.864,42.82734
UA,2048,Ukraine,33457.707,77.91827
AE,2048,United Arab Emirates,11294.748,92.09421
GB,2048,United Kingdom,71848.671,89.69903
IM,2048,Isle of Man,86.77,62.62112
"['IM', 'GB']",2048,United Kingdom excl. Channel Islands and Isle of Man,71561.147,89.87549
US,2048,United States of America,376929.385,88.82767
"['PR', 'US']",2048,United States of America including Puerto Rico,376850.165,88.82583
PR,2048,Puerto Rico,2786.081,95.50464
US,2048,United States of America excluding Puerto Rico and United States Virgin Islands,374064.084,88.77609
VI,2048,United States Virgin Islands,79.22,97.57173
UY,2048,Uruguay,3355.66,97.30781
UZ,2048,Uzbekistan,44959.113,60.39626
VU,2048,Vanuatu,559.073,33.53198
VE,2048,Venezuela (Bolivarian Rep. of),35698.639,91.58687
VN,2048,Viet Nam,106930.754,56.1126
WF,2048,Wallis and Futuna Islands,11.375,0.0
EH,2048,Western Sahara,834.61,90.41677
YE,2048,Yemen,53866.133,55.93076
YE,2048,"Yemen, Democratic",,
ZM,2048,Zambia,36162.89,61.23224
ZW,2048,Zimbabwe,25766.806,44.61917
ZA,2048,Southern Africa,84702.844,76.89459
"['AU', 'NZ']",2048,"Europe, Northern America, Australia and New Zealand",1171877.373,85.27199
HT,2048,LDCs: Islands and Haiti,19632.802,67.03083
AF,2049,Afghanistan,72905.78,40.51683
AL,2049,Albania,2479.15,77.84614
DZ,2049,Algeria,59535.713,84.22632
AS,2049,American Samoa,33.868,90.63011
AD,2049,Andorra,80.817,90.09374
AO,2049,Angola,70883.694,80.05661
AI,2049,Anguilla,15.371,100.0
AG,2049,Antigua and Barbuda,99.228,30.59301
AR,2049,Argentina,51501.321,95.0921
AM,2049,Armenia,2585.903,73.82819
AW,2049,Aruba,94.925,54.17489
AU,2049,Australia,32023.534,90.80173
AT,2049,Austria,8941.895,70.43518
AZ,2049,Azerbaijan,10894.838,70.47735
BS,2049,Bahamas,450.743,88.2601
BH,2049,Bahrain,1799.885,93.09832
BD,2049,Bangladesh,203348.861,57.74688
BB,2049,Barbados,269.048,40.38125
BY,2049,Belarus,8451.272,88.07937
BE,2049,Belgium,12095.849,98.86762
BZ,2049,Belize,535.494,56.64581
BJ,2049,Benin,24787.656,64.91024
BM,2049,Bermuda,56.514,100.0
BT,2049,Bhutan,874.192,57.23181
BO,2049,Bolivia (Plurinational State of),16487.088,80.43757
BQ,2049,"Bonaire, Sint Eustatius and Saba",28.727,81.37219
BA,2049,Bosnia and Herzegovina,2760.168,64.07093
BW,2049,Botswana,3650.86,83.63262
BR,2049,Brazil,231031.649,92.29439
VG,2049,British Virgin Islands,34.786,60.95598
BN,2049,Brunei Darussalam,498.529,85.47101
BG,2049,Bulgaria,5240.228,84.66744
BF,2049,Burkina Faso,39903.786,49.52208
BI,2049,Burundi,23793.823,27.28862
CV,2049,Cabo Verde,724.501,77.16459
KH,2049,Cambodia,20194.55,40.49831
CM,2049,Cameroon,50390.181,72.64609
CA,2049,Canada,45708.266,87.06803
KY,2049,Cayman Islands,77.463,100.0
CF,2049,Central African Republic,11314.636,59.6024
TD,2049,Chad,35722.806,38.63326
CL,2049,Chile,20685.213,91.70085
CN,2049,China,1321004.205,79.69434
HK,2049,"China, Hong Kong SAR",7014.69,100.0
MO,2049,"China, Macao SAR",876.823,100.0
"['CN', 'TW']",2049,"China, Taiwan Province of",22583.802,87.25144
CO,2049,Colombia,56978.269,88.6512
KM,2049,Comoros,1233.111,40.51419
CG,2049,Congo,10214.662,79.6539
CD,2049,"Congo, Dem. Rep. of the",212606.516,63.21892
CK,2049,Cook Islands,17.663,82.58543
CR,2049,Costa Rica,5703.325,89.96801
CI,2049,Côte d'Ivoire,50470.989,66.92545
HR,2049,Croatia,3360.287,70.84284
CU,2049,Cuba,10096.925,83.82233
CW,2049,Curaçao,204.038,91.75531
CY,2049,Cyprus,1044.745,74.14844
CZ,2049,Czechia,10569.346,81.8771
CZ,2049,Czechoslovakia,,
DK,2049,Denmark,6432.605,92.18594
DJ,2049,Djibouti,1492.843,84.47624
DM,2049,Dominica,74.377,79.73701
DO,2049,Dominican Republic,13145.386,91.90259
EC,2049,Ecuador,22173.75,74.3615
EG,2049,Egypt,158792.464,54.99052
SV,2049,El Salvador,6648.422,85.26953
GQ,2049,Equatorial Guinea,2754.095,82.56567
ER,2049,Eritrea,5885.492,59.53212
EE,2049,Estonia,1177.982,77.03369
SZ,2049,Eswatini,1640.12,33.37552
ET,2049,Ethiopia,211557.468,38.40019
ET,2049,Ethiopia (...1991),,
FK,2049,Falkland Islands (Malvinas),3.798,86.33649
FO,2049,Faroe Islands,59.221,52.25342
FJ,2049,Fiji,1090.614,69.53423
FI,2049,Finland,5469.791,89.87371
FR,2049,France,68954.76,88.10306
FR,2049,"France, metropolitan",65895.052,88.13285
GF,2049,French Guiana,523.976,90.86512
GP,2049,Guadeloupe,390.44,99.01137
MQ,2049,Martinique,332.77,92.52318
YT,2049,Mayotte,650.053,52.93844
MC,2049,Monaco,37.523,100.0
RE,2049,Réunion,1124.946,99.9015
PF,2049,French Polynesia,346.834,69.53822
GA,2049,Gabon,3710.489,94.88649
GM,2049,Gambia,4607.658,76.8488
GE,2049,Georgia,3399.74,72.71717
DE,2049,Germany,79193.152,84.06805
DE,2049,"Germany, Federal Republic of",,
GH,2049,Ghana,51596.895,72.73595
GI,2049,Gibraltar,31.474,100.0
GR,2049,Greece,9200.69,87.47927
GL,2049,Greenland,54.22,92.0077
GD,2049,Grenada,136.147,46.83018
GU,2049,Guam,195.309,96.76601
GT,2049,Guatemala,24420.291,66.67673
GN,2049,Guinea,23366.123,52.99332
GW,2049,Guinea-Bissau,3400.527,56.80061
GY,2049,Guyana,879.094,35.53353
HT,2049,Haiti,14990.139,74.51408
VA,2049,Holy See,0.723,100.0
HN,2049,Honduras,14159.746,73.48901
HU,2049,Hungary,8858.142,81.51749
IS,2049,Iceland,408.575,95.75565
IN,2049,India,1666284.995,52.19405
ID,2049,Indonesia,316669.001,72.36417
ID,2049,Indonesia (...2002),,
IR,2049,Iran (Islamic Republic of),98865.529,85.74506
IQ,2049,Iraq,73472.404,80.12186
IE,2049,Ireland,5711.065,74.64376
IL,2049,Israel,12849.19,95.30846
IT,2049,Italy,52599.485,80.76499
JM,2049,Jamaica,2517.798,69.95016
JP,2049,Japan,104497.283,94.618
JO,2049,Jordan,14877.252,95.20016
KZ,2049,Kazakhstan,25383.063,68.61975
KE,2049,Kenya,84227.657,45.61085
KI,2049,Kiribati,186.665,70.20995
KP,2049,"Korea, Dem. People's Rep. of",25885.944,73.75361
KR,2049,"Korea, Republic of",46199.541,86.21029
KW,2049,Kuwait,5148.056,100.0
KG,2049,Kyrgyzstan,9336.496,52.9232
LA,2049,Lao People's Dem. Rep.,9722.462,55.05727
LV,2049,Latvia,1445.434,75.62463
LB,2049,Lebanon,4926.083,93.23422
LS,2049,Lesotho,2883.056,45.69662
LR,2049,Liberia,8763.579,67.71565
LY,2049,Libya,8503.951,88.22636
LT,2049,Lithuania,2204.104,77.74695
LU,2049,Luxembourg,778.689,94.99015
MG,2049,Madagascar,50784.139,57.29075
MW,2049,Malawi,36557.676,31.40246
MY,2049,Malaysia,40888.501,87.10721
MV,2049,Maldives,567.593,53.43466
ML,2049,Mali,46457.488,62.6409
MT,2049,Malta,524.226,96.5361
MH,2049,Marshall Islands,51.008,85.50541
MR,2049,Mauritania,8757.322,72.42099
MU,2049,Mauritius,1233.085,49.05079
MX,2049,Mexico,143680.43,88.00446
FM,2049,Micronesia (Federated States of),135.139,31.76309
MD,2049,"Moldova, Republic of",3004.709,56.27045
MN,2049,Mongolia,4484.188,77.34873
ME,2049,Montenegro,588.678,76.9857
MS,2049,Montserrat,3.809,13.30989
MA,2049,Morocco,44878.69,76.83976
MZ,2049,Mozambique,61921.656,54.67528
MM,2049,Myanmar,59904.146,46.47348
NA,2049,Namibia,3737.961,71.35226
NR,2049,Nauru,14.656,100.0
NP,2049,Nepal,37247.004,36.7196
NL,2049,Netherlands (Kingdom of the),17926.277,96.57566
NC,2049,New Caledonia,351.79,80.85497
NZ,2049,New Zealand,5934.989,90.89794
NI,2049,Nicaragua,9042.168,70.95279
NE,2049,Niger,65171.542,27.84249
NG,2049,Nigeria,371960.24,69.43519
NU,2049,Niue,2.089,60.98655
MK,2049,North Macedonia,1920.582,72.31144
MP,2049,Northern Mariana Islands,50.288,94.54607
NO,2049,Norway,6343.614,90.07652
OM,2049,Oman,6266.279,94.77961
PK,2049,Pakistan,363535.502,51.56727
PW,2049,Palau,16.751,89.02878
PA,2049,Panama,5703.036,79.49645
PA,2049,"Panama, excluding Canal Zone",,
PG,2049,Papua New Guinea,14766.879,23.43313
PY,2049,Paraguay,8547.721,73.84416
PE,2049,Peru,41829.207,85.45303
PH,2049,Philippines,156722.225,61.21014
PL,2049,Poland,35145.64,69.91703
PT,2049,Portugal,9314.293,78.95815
QA,2049,Qatar,3333.052,99.6985
RO,2049,Romania,17542.502,66.15181
RU,2049,Russian Federation,133568.298,83.04412
RW,2049,Rwanda,22706.656,29.02023
BL,2049,Saint Barthélemy,10.287,99.01137
SH,2049,Saint Helena,3.914,50.97712
KN,2049,Saint Kitts and Nevis,47.036,39.88987
LC,2049,Saint Lucia,178.565,26.28111
MF,2049,Saint Martin (French part),35.434,99.01137
PM,2049,Saint Pierre and Miquelon,5.199,92.77861
VC,2049,Saint Vincent and the Grenadines,102.025,65.13244
WS,2049,Samoa,316.493,21.20344
SM,2049,San Marino,32.196,98.94973
ST,2049,Sao Tome and Principe,361.833,85.04555
SA,2049,Saudi Arabia,48088.523,90.18232
SN,2049,Senegal,31947.265,63.93476
RS,2049,Serbia,7508.307,68.28089
SC,2049,Seychelles,116.585,69.21958
SL,2049,Sierra Leone,13440.438,58.96237
SG,2049,Singapore,6351.377,100.0
SX,2049,Sint Maarten (Dutch part),39.498,100.0
SK,2049,Slovakia,5209.078,65.14464
SI,2049,Slovenia,2010.553,68.25997
SB,2049,Solomon Islands,1206.524,36.89065
SO,2049,Somalia,35714.724,63.22586
ZA,2049,South Africa,73220.86,79.45603
SS,2049,South Sudan,17243.955,35.34049
ES,2049,Spain,44455.244,87.80542
LK,2049,Sri Lanka,21885.412,30.99877
PS,2049,State of Palestine,8737.073,85.20105
SD,2049,Sudan,83064.247,51.91751
SD,2049,Sudan (...2011),,
SR,2049,Suriname,723.527,73.70724
SE,2049,Sweden,11860.397,93.09731
"['LI', 'CH']",2049,"Switzerland, Liechtenstein",9775.093,80.78414
LI,2049,Liechtenstein,42.3,20.43633
CH,2049,Switzerland,9732.793,81.04642
SY,2049,Syrian Arab Republic,38031.069,71.49092
TJ,2049,Tajikistan,15032.352,42.31961
TZ,2049,"Tanzania, United Republic of",127380.963,54.80663
TH,2049,Thailand,68263.02,68.9823
TL,2049,Timor-Leste,1794.541,43.30538
TG,2049,Togo,15221.353,59.99699
TK,2049,Tokelau,2.414,0.0
TO,2049,Tonga,130.583,29.38579
TT,2049,Trinidad and Tobago,1491.29,62.31414
TN,2049,Tunisia,14274.332,79.89209
TR,2049,Türkiye,95646.318,85.70849
TM,2049,Turkmenistan,8217.307,68.36914
TC,2049,Turks and Caicos Islands,52.758,96.62631
TV,2049,Tuvalu,13.145,77.28339
UG,2049,Uganda,86185.454,43.4865
UA,2049,Ukraine,33164.6,78.27727
AE,2049,United Arab Emirates,11372.877,92.23033
GB,2049,United Kingdom,71917.205,89.87254
IM,2049,Isle of Man,86.731,63.02705
"['IM', 'GB']",2049,United Kingdom excl. Channel Islands and Isle of Man,71629.117,90.04826
US,2049,United States of America,377584.898,89.01781
"['PR', 'US']",2049,United States of America including Puerto Rico,377506.52,89.01602
PR,2049,Puerto Rico,2756.931,95.5816
US,2049,United States of America excluding Puerto Rico and United States Virgin Islands,374749.589,88.96772
VI,2049,United States Virgin Islands,78.378,97.60848
UY,2049,Uruguay,3346.715,97.3537
UZ,2049,Uzbekistan,45282.69,60.96646
VU,2049,Vanuatu,568.81,33.93969
VE,2049,Venezuela (Bolivarian Rep. of),35821.554,91.72963
VN,2049,Viet Nam,106982.197,56.71974
WF,2049,Wallis and Futuna Islands,11.361,0.0
EH,2049,Western Sahara,842.913,90.55714
YE,2049,Yemen,54585.033,56.56672
YE,2049,"Yemen, Democratic",,
ZM,2049,Zambia,36813.065,61.80834
ZW,2049,Zimbabwe,26105.252,45.28215
ZA,2049,Southern Africa,85132.857,77.24829
"['AU', 'NZ']",2049,"Europe, Northern America, Australia and New Zealand",1170728.761,85.5298
HT,2049,LDCs: Islands and Haiti,19785.958,67.42416
AF,2050,Afghanistan,74075.234,41.17437
AL,2050,Albania,2456.472,78.21287
DZ,2050,Algeria,60001.113,84.49562
AS,2050,American Samoa,33.557,90.76622
AD,2050,Andorra,80.504,90.23929
AO,2050,Angola,72328.068,80.38758
AI,2050,Anguilla,15.294,100.0
AG,2050,Antigua and Barbuda,99.03,30.98392
AR,2050,Argentina,51621.175,95.17569
AM,2050,Armenia,2573.465,74.25335
AW,2050,Aruba,94.185,54.61232
AU,2050,Australia,32192.919,90.95787
AT,2050,Austria,8924.19,70.89795
AZ,2050,Azerbaijan,10867.296,70.95331
BS,2050,Bahamas,450.625,88.42921
BH,2050,Bahrain,1809.237,93.20212
BD,2050,Bangladesh,203904.9,58.35625
BB,2050,Barbados,267.788,40.81838
BY,2050,Belarus,8409.632,88.28041
BE,2050,Belgium,12090.657,98.88692
BZ,2050,Belize,538.838,57.07741
BJ,2050,Benin,25264.035,65.44616
BM,2050,Bermuda,56.041,100.0
BT,2050,Bhutan,874.294,57.66096
BO,2050,Bolivia (Plurinational State of),16609.854,80.75995
BQ,2050,"Bonaire, Sint Eustatius and Saba",28.735,81.6235
BA,2050,Bosnia and Herzegovina,2739.014,64.61382
BW,2050,Botswana,3679.34,83.90541
BR,2050,Brazil,230885.725,92.42561
VG,2050,British Virgin Islands,34.768,61.37531
BN,2050,Brunei Darussalam,498.373,85.67492
BG,2050,Bulgaria,5187.392,84.92741
BF,2050,Burkina Faso,40541.548,50.17058
BI,2050,Burundi,24208.671,27.88091
CV,2050,Cabo Verde,727.457,77.45924
KH,2050,Cambodia,20258.435,41.15349
CM,2050,Cameroon,51279.56,73.09762
CA,2050,Canada,45890.819,87.28603
KY,2050,Cayman Islands,77.633,100.0
CF,2050,Central African Republic,11533.423,60.21318
TD,2050,Chad,36452.035,39.30291
CL,2050,Chile,20675.378,91.84208
CN,2050,China,1312636.325,80.02804
HK,2050,"China, Hong Kong SAR",6975.391,100.0
MO,2050,"China, Macao SAR",881.666,100.0
"['CN', 'TW']",2050,"China, Taiwan Province of",22445.526,87.46867
CO,2050,Colombia,56987.651,88.84732
KM,2050,Comoros,1246.207,40.95349
CG,2050,Congo,10378.912,79.99829
CD,2050,"Congo, Dem. Rep. of the",217494.003,63.79357
CK,2050,Cook Islands,17.674,82.8253
CR,2050,Costa Rica,5702.525,90.13954
CI,2050,Côte d'Ivoire,51358.243,67.43642
HR,2050,Croatia,3333.425,71.31039
CU,2050,Cuba,10028.085,84.09273
CW,2050,Curaçao,204.084,91.87761
CY,2050,Cyprus,1047.662,74.47187
CZ,2050,Czechia,10577.126,82.17812
CZ,2050,Czechoslovakia,,
DK,2050,Denmark,6445.109,92.31866
DJ,2050,Djibouti,1502.575,84.69236
DM,2050,Dominica,74.167,80.00652
DO,2050,Dominican Republic,13180.541,92.04008
EC,2050,Ecuador,22269.779,74.77226
EG,2050,Egypt,160339.889,55.60766
SV,2050,El Salvador,6636.854,85.51734
GQ,2050,Equatorial Guinea,2790.533,82.80334
ER,2050,Eritrea,5964.021,60.12874
EE,2050,Estonia,1171.695,77.3294
SZ,2050,Eswatini,1655.121,33.78308
ET,2050,Ethiopia,214812.309,39.05117
ET,2050,Ethiopia (...1991),,
FK,2050,Falkland Islands (Malvinas),3.779,86.54456
FO,2050,Faroe Islands,59.444,52.69165
FJ,2050,Fiji,1094.174,69.89381
FI,2050,Finland,5460.917,90.04507
FR,2050,France,68907.57,88.29712
FR,2050,"France, metropolitan",65827.072,88.33699
GF,2050,French Guiana,532.459,90.99972
GP,2050,Guadeloupe,388.861,99.02683
MQ,2050,Martinique,330.121,92.63475
YT,2050,Mayotte,664.141,53.37842
MC,2050,Monaco,37.664,100.0
RE,2050,Réunion,1127.252,99.90302
PF,2050,French Polynesia,346.933,69.89773
GA,2050,Gabon,3757.053,94.97386
GM,2050,Gambia,4673.743,77.22919
GE,2050,Georgia,3384.66,73.15324
DE,2050,Germany,78932.228,84.33517
DE,2050,"Germany, Federal Republic of",,
GH,2050,Ghana,52231.785,73.17796
GI,2050,Gibraltar,31.356,100.0
GR,2050,Greece,9144.951,87.69268
GL,2050,Greenland,53.997,92.12654
GD,2050,Grenada,136.253,47.27644
GU,2050,Guam,195.673,96.81594
GT,2050,Guatemala,24600.727,67.19454
GN,2050,Guinea,23711.7,53.62777
GW,2050,Guinea-Bissau,3445.289,57.23195
GY,2050,Guyana,878.746,35.95229
HT,2050,Haiti,15087.52,74.92548
VA,2050,Holy See,0.731,100.0
HN,2050,Honduras,14258.514,73.91603
HU,2050,Hungary,8817.396,81.82492
IS,2050,Iceland,408.783,95.8205
IN,2050,India,1670490.596,52.84054
ID,2050,Indonesia,317225.213,72.805
ID,2050,Indonesia (...2002),,
IR,2050,Iran (Islamic Republic of),99007.204,85.98411
IQ,2050,Iraq,74515.14,80.45084
IE,2050,Ireland,5724.686,75.05193
IL,2050,Israel,12991.79,95.38891
IT,2050,Italy,52250.484,81.08238
JM,2050,Jamaica,2493.823,70.4294
JP,2050,Japan,103784.357,94.70971
JO,2050,Jordan,15005.941,95.28197
KZ,2050,Kazakhstan,25609.978,69.10499
KE,2050,Kenya,85211.739,46.28265
KI,2050,Kiribati,188.57,70.56518
KP,2050,"Korea, Dem. People's Rep. of",25807.197,74.17549
KR,2050,"Korea, Republic of",45770.874,86.44227
KW,2050,Kuwait,5155.414,100.0
KG,2050,Kyrgyzstan,9426.858,53.57079
LA,2050,Lao People's Dem. Rep.,9775.552,55.67655
LV,2050,Latvia,1433.728,75.93389
LB,2050,Lebanon,4937.579,93.35179
LS,2050,Lesotho,2898.369,46.35071
LR,2050,Liberia,8890.7,68.22902
LY,2050,Libya,8539.976,88.43414
LT,2050,Lithuania,2187.55,78.11169
LU,2050,Luxembourg,781.91,95.06644
MG,2050,Madagascar,51592.965,57.91125
MW,2050,Malawi,37159.3,32.03507
MY,2050,Malaysia,41032.433,87.3246
MV,2050,Maldives,569.909,53.87338
ML,2050,Mali,47439.802,63.20996
MT,2050,Malta,522.737,96.58936
MH,2050,Marshall Islands,51.211,85.70778
MR,2050,Mauritania,8914.673,72.86417
MU,2050,Mauritius,1226.235,49.49493
MX,2050,Mexico,143772.364,88.20949
FM,2050,Micronesia (Federated States of),135.457,32.16244
MD,2050,"Moldova, Republic of",2997.532,56.88359
MN,2050,Mongolia,4518.856,77.71711
ME,2050,Montenegro,586.385,77.28283
MS,2050,Montserrat,3.781,13.53858
MA,2050,Morocco,45044.99,77.21787
MZ,2050,Mozambique,63044.497,55.2897
MM,2050,Myanmar,59929.399,47.13357
NA,2050,Namibia,3779.918,71.80655
NR,2050,Nauru,14.695,100.0
NP,2050,Nepal,37401.365,37.37828
NL,2050,Netherlands (Kingdom of the),17897.025,96.63403
NC,2050,New Caledonia,353.191,81.11144
NZ,2050,New Zealand,5949.002,91.05247
NI,2050,Nicaragua,9094.641,71.41055
NE,2050,Niger,67043.296,28.43445
NG,2050,Nigeria,377459.883,69.92301
NU,2050,Niue,2.096,61.36618
MK,2050,North Macedonia,1909.309,72.77117
MP,2050,Northern Mariana Islands,50.05,94.62921
NO,2050,Norway,6367.559,90.24453
OM,2050,Oman,6328.978,94.86859
PK,2050,Pakistan,367808.468,52.2017
PW,2050,Palau,16.689,89.18419
PA,2050,Panama,5736.121,79.84008
PA,2050,"Panama, excluding Canal Zone",,
PG,2050,Papua New Guinea,14910.369,23.97418
PY,2050,Paraguay,8591.486,74.26203
PE,2050,Peru,42022.554,85.69678
PH,2050,Philippines,157891.622,61.77734
PL,2050,Poland,34932.339,70.38964
PT,2050,Portugal,9261.305,79.30905
QA,2050,Qatar,3358.454,99.70365
RO,2050,Romania,17457.213,66.67167
RU,2050,Russian Federation,133133.035,83.3305
RW,2050,Rwanda,23030.046,29.62368
BL,2050,Saint Barthélemy,10.21,99.02683
SH,2050,Saint Helena,3.874,51.4231
KN,2050,Saint Kitts and Nevis,46.882,40.32594
LC,2050,Saint Lucia,177.856,26.64158
MF,2050,Saint Martin (French part),35.453,99.02683
PM,2050,Saint Pierre and Miquelon,5.165,92.88521
VC,2050,Saint Vincent and the Grenadines,101.691,65.52748
WS,2050,Samoa,320.016,21.51653
SM,2050,San Marino,32.044,98.96842
ST,2050,Sao Tome and Principe,366.663,85.25447
SA,2050,Saudi Arabia,48374.543,90.35047
SN,2050,Senegal,32562.869,64.47911
RS,2050,Serbia,7447.719,68.77199
SC,2050,Seychelles,116.644,69.59014
SL,2050,Sierra Leone,13595.023,59.54964
SG,2050,Singapore,6337.235,100.0
SX,2050,Sint Maarten (Dutch part),38.947,100.0
SK,2050,Slovakia,5186.967,65.67581
SI,2050,Slovenia,2003.258,68.75316
SB,2050,Solomon Islands,1225.407,37.31609
SO,2050,Somalia,36462.83,63.77764
ZA,2050,South Africa,73529.753,79.79819
SS,2050,South Sudan,17460.846,35.99898
ES,2050,Spain,44219.565,88.01295
LK,2050,Sri Lanka,21814.985,31.62105
PS,2050,State of Palestine,8861.747,85.45413
SD,2050,Sudan,84494.269,52.57315
SD,2050,Sudan (...2011),,
SR,2050,Suriname,725.519,74.0342
SE,2050,Sweden,11902.033,93.21467
"['LI', 'CH']",2050,"Switzerland, Liechtenstein",9796.04,81.0978
LI,2050,Liechtenstein,42.287,20.74206
CH,2050,Switzerland,9753.753,81.35947
SY,2050,Syrian Arab Republic,38306.374,71.9402
TJ,2050,Tajikistan,15200.989,42.99071
TZ,2050,"Tanzania, United Republic of",129931.52,55.43257
TH,2050,Thailand,67880.083,69.46322
TL,2050,Timor-Leste,1806.869,43.74647
TG,2050,Togo,15478.883,60.57762
TK,2050,Tokelau,2.43,0.0
TO,2050,Tonga,131.225,29.76859
TT,2050,Trinidad and Tobago,1485.139,62.72137
TN,2050,Tunisia,14315.779,80.22555
TR,2050,Türkiye,95829.258,85.95079
TM,2050,Turkmenistan,8263.833,68.88249
TC,2050,Turks and Caicos Islands,52.865,96.68004
TV,2050,Tuvalu,13.211,77.57202
UG,2050,Uganda,87622.081,44.14798
UA,2050,Ukraine,32867.719,78.63203
AE,2050,United Arab Emirates,11449.471,92.3643
GB,2050,United Kingdom,71973.583,90.04344
IM,2050,Isle of Man,86.68,63.43014
"['IM', 'GB']",2050,United Kingdom excl. Channel Islands and Isle of Man,71684.966,90.2184
US,2050,United States of America,378197.106,89.20511
"['PR', 'US']",2050,United States of America including Puerto Rico,378119.587,89.20337
PR,2050,Puerto Rico,2727.624,95.65728
US,2050,United States of America excluding Puerto Rico and United States Virgin Islands,375391.963,89.15648
VI,2050,United States Virgin Islands,77.519,97.64599
UY,2050,Uruguay,3337.143,97.39881
UZ,2050,Uzbekistan,45593.149,61.53368
VU,2050,Vanuatu,578.567,34.34943
VE,2050,Venezuela (Bolivarian Rep. of),35937.404,91.87018
VN,2050,Viet Nam,107012.939,57.32487
WF,2050,Wallis and Futuna Islands,11.349,0.0
EH,2050,Western Sahara,851.067,90.69564
YE,2050,Yemen,55296.331,57.20052
YE,2050,"Yemen, Democratic",,
ZM,2050,Zambia,37460.435,62.38114
ZW,2050,Zimbabwe,26438.589,45.9468
ZA,2050,Southern Africa,85542.501,77.59812
"['AU', 'NZ']",2050,"Europe, Northern America, Australia and New Zealand",1169443.028,85.78388
HT,2050,LDCs: Islands and Haiti,19934.447,67.81421
